,timestamp_utc,air_temperature,precipitation,global_radiation,date,hour,min
0,2020-01-01 12:00:00+00:00,0.4,0,0,2020-01-01,12,0
1,2020-01-02 12:00:00+00:00,0.3,0,0,2020-01-02,12,0
2,2020-01-03 12:00:00+00:00,6.6,0,0,2020-01-03,12,0
3,2020-01-04 12:00:00+00:00,7.8,0,0,2020-01-04,12,0
4,2020-01-05 12:00:00+00:00,6.1,0,0,2020-01-05,12,0
5,2020-01-06 12:00:00+00:00,3.8,0,0,2020-01-06,12,0
6,2020-01-07 12:00:00+00:00,5.6,0,0,2020-01-07,12,0
7,2020-01-08 12:00:00+00:00,4.9,0,0,2020-01-08,12,0
8,2020-01-09 12:00:00+00:00,8.7,0,0,2020-01-09,12,0
9,2020-01-10 12:00:00+00:00,9.8,0,0,2020-01-10,12,0
10,2020-01-11 12:00:00+00:00,7.5,0,0,2020-01-11,12,0
11,2020-01-12 12:00:00+00:00,6.5,0,0,2020-01-12,12,0
12,2020-01-13 12:00:00+00:00,4.1,0,0,2020-01-13,12,0
13,2020-01-14 12:00:00+00:00,9.0,0,0,2020-01-14,12,0
14,2020-01-15 12:00:00+00:00,9.7,0,0,2020-01-15,12,0
15,2020-01-16 12:00:00+00:00,8.4,0,0,2020-01-16,12,0
16,2020-01-17 12:00:00+00:00,6.5,0,0,2020-01-17,12,0
17,2020-01-18 12:00:00+00:00,6.9,0,0,2020-01-18,12,0
18,2020-01-19 12:00:00+00:00,3.4,0,0,2020-01-19,12,0
19,2020-01-20 12:00:00+00:00,2.4,0,0,2020-01-20,12,0
20,2020-01-21 12:00:00+00:00,3.8,0,0,2020-01-21,12,0
21,2020-01-22 12:00:00+00:00,-0.7,0,0,2020-01-22,12,0
22,2020-01-23 12:00:00+00:00,-1.3,0,0,2020-01-23,12,0
23,2020-01-24 12:00:00+00:00,2.2,0,0,2020-01-24,12,0
24,2020-01-25 12:00:00+00:00,1.3,0,0,2020-01-25,12,0
25,2020-01-26 12:00:00+00:00,2.6,0,0,2020-01-26,12,0
26,2020-01-27 12:00:00+00:00,8.0,0,0,2020-01-27,12,0
27,2020-01-28 12:00:00+00:00,5.5,0,0,2020-01-28,12,0
28,2020-01-29 12:00:00+00:00,4.8,0,0,2020-01-29,12,0
29,2020-01-30 12:00:00+00:00,6.7,0,0,2020-01-30,12,0
30,2020-01-31 12:00:00+00:00,8.4,0,0,2020-01-31,12,0
31,2020-02-20 12:00:00+00:00,6.2,0,0,2020-02-20,12,0
32,2020-02-21 12:00:00+00:00,7.0,0,0,2020-02-21,12,0
33,2020-02-22 12:00:00+00:00,7.9,0,0,2020-02-22,12,0
34,2020-02-23 12:00:00+00:00,15.0,0,0,2020-02-23,12,0
35,2020-02-24 12:00:00+00:00,17.6,0,0,2020-02-24,12,0
36,2020-02-25 12:00:00+00:00,10.5,0,0,2020-02-25,12,0
37,2020-02-26 12:00:00+00:00,3.2,0,0,2020-02-26,12,0
38,2020-02-27 12:00:00+00:00,2.7,0,0,2020-02-27,12,0
39,2020-02-28 12:00:00+00:00,7.4,0,0,2020-02-28,12,0
40,2020-02-29 12:00:00+00:00,13.0,0,0,2020-02-29,12,0
41,2020-03-01 12:00:00+00:00,10.8,0,0,2020-03-01,12,0
42,2020-03-02 12:00:00+00:00,7.2,0,0,2020-03-02,12,0
43,2020-03-03 12:00:00+00:00,7.6,0,0,2020-03-03,12,0
44,2020-03-04 12:00:00+00:00,6.8,0,0,2020-03-04,12,0
45,2020-03-05 12:00:00+00:00,4.4,0,0,2020-03-05,12,0
46,2020-03-06 12:00:00+00:00,6.5,0,0,2020-03-06,12,0
47,2020-03-07 12:00:00+00:00,6.6,0,0,2020-03-07,12,0
48,2020-03-08 12:00:00+00:00,7.2,0,0,2020-03-08,12,0
49,2020-03-09 12:00:00+00:00,4.9,0,0,2020-03-09,12,0
50,2020-03-10 12:00:00+00:00,5.3,0,0,2020-03-10,12,0
51,2020-03-11 12:00:00+00:00,15.3,0,0,2020-03-11,12,0
52,2020-03-12 12:00:00+00:00,17.0,0,0,2020-03-12,12,0
53,2020-03-13 12:00:00+00:00,10.9,0,0,2020-03-13,12,0
54,2020-03-14 12:00:00+00:00,7.5,0,0,2020-03-14,12,0
55,2020-03-15 12:00:00+00:00,10.8,0,0,2020-03-15,12,0
56,2020-03-16 12:00:00+00:00,13.9,0,0,2020-03-16,12,0
57,2020-03-17 12:00:00+00:00,14.6,0,0,2020-03-17,12,0
58,2020-03-18 12:00:00+00:00,12.7,0,0,2020-03-18,12,0
59,2020-03-19 12:00:00+00:00,12.4,0,0,2020-03-19,12,0
60,2020-03-20 12:00:00+00:00,12.5,0,0,2020-03-20,12,0
61,2020-03-21 12:00:00+00:00,8.6,0,0,2020-03-21,12,0
62,2020-03-22 12:00:00+00:00,3.3,0,0,2020-03-22,12,0
63,2020-03-23 12:00:00+00:00,4.1,0,0,2020-03-23,12,0
64,2020-03-24 12:00:00+00:00,5.1,0,0,2020-03-24,12,0
65,2020-03-25 12:00:00+00:00,4.7,0,0,2020-03-25,12,0
66,2020-03-26 12:00:00+00:00,4.7,0,0,2020-03-26,12,0
67,2020-03-27 12:00:00+00:00,7.2,0,0,2020-03-27,12,0
68,2020-03-28 12:00:00+00:00,13.8,0,0,2020-03-28,12,0
69,2020-03-29 12:00:00+00:00,7.6,0,0,2020-03-29,12,0
70,2020-03-30 12:00:00+00:00,2.0,0,0,2020-03-30,12,0
71,2020-03-31 12:00:00+00:00,5.7,0,0,2020-03-31,12,0
72,2020-04-01 12:00:00+00:00,7.8,0,0,2020-04-01,12,0
73,2020-04-02 12:00:00+00:00,12.7,0,0,2020-04-02,12,0
74,2020-04-03 12:00:00+00:00,10.9,0,0,2020-04-03,12,0
75,2020-04-04 12:00:00+00:00,12.4,0,0,2020-04-04,12,0
76,2020-04-05 12:00:00+00:00,16.2,0,0,2020-04-05,12,0
77,2020-04-06 12:00:00+00:00,17.2,0,0,2020-04-06,12,0
78,2020-04-07 12:00:00+00:00,18.1,0,0,2020-04-07,12,0
79,2020-04-08 12:00:00+00:00,16.2,0,0,2020-04-08,12,0
80,2020-04-09 12:00:00+00:00,15.6,0,0,2020-04-09,12,0
81,2020-04-10 12:00:00+00:00,18.8,0,0,2020-04-10,12,0
82,2020-04-11 12:00:00+00:00,19.1,0,0,2020-04-11,12,0
83,2020-04-12 12:00:00+00:00,19.5,0,0,2020-04-12,12,0
84,2020-04-13 12:00:00+00:00,20.1,0,0,2020-04-13,12,0
85,2020-04-14 12:00:00+00:00,8.8,0,0,2020-04-14,12,0
86,2020-04-15 12:00:00+00:00,11.2,0,0,2020-04-15,12,0
87,2020-04-16 12:00:00+00:00,19.0,0,0,2020-04-16,12,0
88,2020-04-17 12:00:00+00:00,18.4,0,0,2020-04-17,12,0
89,2020-04-18 12:00:00+00:00,21.6,0,0,2020-04-18,12,0
90,2020-04-19 12:00:00+00:00,19.1,0,0,2020-04-19,12,0
91,2020-04-20 12:00:00+00:00,14.1,0,0,2020-04-20,12,0
92,2020-04-21 12:00:00+00:00,12.2,0,0,2020-04-21,12,0
93,2020-04-22 12:00:00+00:00,16.8,0,0,2020-04-22,12,0
94,2020-04-23 12:00:00+00:00,18.1,0,0,2020-04-23,12,0
95,2020-04-24 12:00:00+00:00,22.2,0,0,2020-04-24,12,0
96,2020-04-25 12:00:00+00:00,20.0,0,0,2020-04-25,12,0
97,2020-04-26 12:00:00+00:00,19.3,0,0,2020-04-26,12,0
98,2020-04-27 12:00:00+00:00,20.8,0,0,2020-04-27,12,0
99,2020-04-28 12:00:00+00:00,14.2,0,0,2020-04-28,12,0
100,2020-04-29 12:00:00+00:00,14.7,0,0,2020-04-29,12,0
101,2020-04-30 12:00:00+00:00,12.2,0,0,2020-04-30,12,0
102,2020-05-01 12:00:00+00:00,11.2,0,0,2020-05-01,12,0
103,2020-05-02 12:00:00+00:00,14.2,0,0,2020-05-02,12,0
104,2020-05-03 12:00:00+00:00,14.4,0,0,2020-05-03,12,0
105,2020-05-04 12:00:00+00:00,20.8,0,0,2020-05-04,12,0
106,2020-05-05 12:00:00+00:00,13.0,0,0,2020-05-05,12,0
107,2020-05-06 12:00:00+00:00,13.9,0,0,2020-05-06,12,0
108,2020-05-07 12:00:00+00:00,17.9,0,0,2020-05-07,12,0
109,2020-05-08 12:00:00+00:00,22.5,0,0,2020-05-08,12,0
110,2020-05-09 12:00:00+00:00,22.9,0,0,2020-05-09,12,0
111,2020-05-10 12:00:00+00:00,21.5,0,0,2020-05-10,12,0
112,2020-05-11 12:00:00+00:00,14.3,0,0,2020-05-11,12,0
113,2020-05-12 12:00:00+00:00,8.8,0,0,2020-05-12,12,0
114,2020-05-13 12:00:00+00:00,11.3,0,0,2020-05-13,12,0
115,2020-05-14 12:00:00+00:00,10.1,0,0,2020-05-14,12,0
116,2020-05-15 12:00:00+00:00,11.2,0,0,2020-05-15,12,0
117,2020-05-16 12:00:00+00:00,15.3,0,0,2020-05-16,12,0
118,2020-05-17 12:00:00+00:00,18.8,0,0,2020-05-17,12,0
119,2020-05-18 12:00:00+00:00,20.9,0,0,2020-05-18,12,0
120,2020-05-19 12:00:00+00:00,21.6,0,0,2020-05-19,12,0
121,2020-05-20 12:00:00+00:00,21.3,0,0,2020-05-20,12,0
122,2020-05-21 12:00:00+00:00,21.8,0,0,2020-05-21,12,0
123,2020-05-22 12:00:00+00:00,22.4,0,0,2020-05-22,12,0
124,2020-05-23 12:00:00+00:00,17.2,0,0,2020-05-23,12,0
125,2020-05-24 12:00:00+00:00,17.6,0,0,2020-05-24,12,0
126,2020-05-25 12:00:00+00:00,17.7,0,0,2020-05-25,12,0
127,2020-05-26 12:00:00+00:00,18.2,0,0,2020-05-26,12,0
128,2020-05-27 12:00:00+00:00,18.9,0,0,2020-05-27,12,0
129,2020-05-28 12:00:00+00:00,21.0,0,0,2020-05-28,12,0
130,2020-05-29 12:00:00+00:00,17.0,0,0,2020-05-29,12,0
131,2020-05-30 12:00:00+00:00,17.4,0,0,2020-05-30,12,0
132,2020-05-31 12:00:00+00:00,17.8,0,0,2020-05-31,12,0
133,2020-06-01 12:00:00+00:00,20.5,0,0,2020-06-01,12,0
134,2020-06-02 12:00:00+00:00,22.6,0,0,2020-06-02,12,0
135,2020-06-03 12:00:00+00:00,25.3,0,0,2020-06-03,12,0
136,2020-06-04 12:00:00+00:00,15.4,0,0,2020-06-04,12,0
137,2020-06-05 12:00:00+00:00,14.2,0,0,2020-06-05,12,0
138,2020-06-06 12:00:00+00:00,19.5,0,0,2020-06-06,12,0
139,2020-06-07 12:00:00+00:00,12.7,0,0,2020-06-07,12,0
140,2020-06-08 12:00:00+00:00,17.0,0,0,2020-06-08,12,0
141,2020-06-09 12:00:00+00:00,13.5,0,0,2020-06-09,12,0
142,2020-06-10 12:00:00+00:00,13.9,0,0,2020-06-10,12,0
143,2020-06-11 12:00:00+00:00,17.2,0,0,2020-06-11,12,0
144,2020-06-12 12:00:00+00:00,23.9,0,0,2020-06-12,12,0
145,2020-06-13 12:00:00+00:00,21.7,0,0,2020-06-13,12,0
146,2020-06-14 12:00:00+00:00,15.2,0,0,2020-06-14,12,0
147,2020-06-15 12:00:00+00:00,19.2,0,0,2020-06-15,12,0
148,2020-06-16 12:00:00+00:00,17.7,0,0,2020-06-16,12,0
149,2020-06-17 12:00:00+00:00,15.0,0,0,2020-06-17,12,0
150,2020-06-18 12:00:00+00:00,20.1,0,0,2020-06-18,12,0
151,2020-06-19 12:00:00+00:00,15.3,0,0,2020-06-19,12,0
152,2020-06-20 12:00:00+00:00,20.7,0,0,2020-06-20,12,0
153,2020-06-21 12:00:00+00:00,20.8,0,0,2020-06-21,12,0
154,2020-06-22 12:00:00+00:00,21.4,0,0,2020-06-22,12,0
155,2020-06-23 12:00:00+00:00,24.0,0,0,2020-06-23,12,0
156,2020-06-24 12:00:00+00:00,24.8,0,0,2020-06-24,12,0
157,2020-06-25 12:00:00+00:00,24.6,0,0,2020-06-25,12,0
158,2020-06-26 12:00:00+00:00,25.2,0,0,2020-06-26,12,0
159,2020-06-27 12:00:00+00:00,23.9,0,0,2020-06-27,12,0
160,2020-06-28 12:00:00+00:00,22.6,0,0,2020-06-28,12,0
161,2020-06-29 12:00:00+00:00,20.0,0,0,2020-06-29,12,0
162,2020-06-30 12:00:00+00:00,23.3,0,0,2020-06-30,12,0
163,2020-07-01 12:00:00+00:00,26.8,0,0,2020-07-01,12,0
164,2020-07-02 12:00:00+00:00,20.3,0,0,2020-07-02,12,0
165,2020-07-03 12:00:00+00:00,19.3,0,0,2020-07-03,12,0
166,2020-07-04 12:00:00+00:00,23.3,0,0,2020-07-04,12,0
167,2020-07-05 12:00:00+00:00,25.9,0,0,2020-07-05,12,0
168,2020-07-06 12:00:00+00:00,19.4,0,0,2020-07-06,12,0
169,2020-07-07 12:00:00+00:00,21.1,0,0,2020-07-07,12,0
170,2020-07-08 12:00:00+00:00,25.3,0,0,2020-07-08,12,0
171,2020-07-09 12:00:00+00:00,28.0,0,0,2020-07-09,12,0
172,2020-07-10 12:00:00+00:00,29.6,0,0,2020-07-10,12,0
173,2020-07-11 12:00:00+00:00,17.4,0,0,2020-07-11,12,0
174,2020-07-12 12:00:00+00:00,20.9,0,0,2020-07-12,12,0
175,2020-07-15 12:00:00+00:00,21.3,0,0,2020-07-15,12,0
176,2020-07-16 12:00:00+00:00,18.9,0,0,2020-07-16,12,0
177,2020-07-17 12:00:00+00:00,18.5,0,0,2020-07-17,12,0
178,2020-07-18 12:00:00+00:00,21.7,0,0,2020-07-18,12,0
179,2020-07-19 12:00:00+00:00,24.2,0,0,2020-07-19,12,0
180,2020-07-20 12:00:00+00:00,27.7,0,0,2020-07-20,12,0
181,2020-07-21 12:00:00+00:00,24.8,0,0,2020-07-21,12,0
182,2020-07-22 12:00:00+00:00,24.4,0,0,2020-07-22,12,0
183,2020-07-23 12:00:00+00:00,27.1,0,0,2020-07-23,12,0
184,2020-07-24 12:00:00+00:00,20.2,0,0,2020-07-24,12,0
185,2020-07-25 12:00:00+00:00,24.3,0,0,2020-07-25,12,0
186,2020-07-26 12:00:00+00:00,24.3,0,0,2020-07-26,12,0
187,2020-07-27 12:00:00+00:00,28.2,0,0,2020-07-27,12,0
188,2020-07-28 12:00:00+00:00,30.2,0,0,2020-07-28,12,0
189,2020-07-29 12:00:00+00:00,24.9,0,0,2020-07-29,12,0
190,2020-07-30 12:00:00+00:00,26.7,0,0,2020-07-30,12,0
191,2020-07-31 12:00:00+00:00,28.0,0,0,2020-07-31,12,0
192,2020-08-01 12:00:00+00:00,30.9,0,0,2020-08-01,12,0
193,2020-08-02 12:00:00+00:00,24.2,0,0,2020-08-02,12,0
194,2020-08-03 12:00:00+00:00,18.7,0,0,2020-08-03,12,0
195,2020-08-04 12:00:00+00:00,15.8,0,0,2020-08-04,12,0
196,2020-08-05 12:00:00+00:00,20.2,0,0,2020-08-05,12,0
197,2020-08-06 12:00:00+00:00,23.6,0,0,2020-08-06,12,0
198,2020-08-07 12:00:00+00:00,26.6,0,0,2020-08-07,12,0
199,2020-08-08 12:00:00+00:00,27.3,0,0,2020-08-08,12,0
200,2020-08-09 12:00:00+00:00,27.9,0,0,2020-08-09,12,0
201,2020-08-10 12:00:00+00:00,27.8,0,0,2020-08-10,12,0
202,2020-08-11 12:00:00+00:00,27.2,0,0,2020-08-11,12,0
203,2020-08-12 12:00:00+00:00,28.1,0,0,2020-08-12,12,0
204,2020-08-13 12:00:00+00:00,26.8,0,0,2020-08-13,12,0
205,2020-08-14 12:00:00+00:00,22.2,0,0,2020-08-14,12,0
206,2020-08-15 12:00:00+00:00,25.8,0,0,2020-08-15,12,0
207,2020-08-16 12:00:00+00:00,27.7,0,0,2020-08-16,12,0
208,2020-08-17 12:00:00+00:00,22.5,0,0,2020-08-17,12,0
209,2020-08-18 12:00:00+00:00,23.6,0,0,2020-08-18,12,0
210,2020-08-19 12:00:00+00:00,25.0,0,0,2020-08-19,12,0
211,2020-08-20 12:00:00+00:00,26.9,0,0,2020-08-20,12,0
212,2020-08-21 12:00:00+00:00,28.8,0,0,2020-08-21,12,0
213,2020-08-22 12:00:00+00:00,21.8,0,0,2020-08-22,12,0
214,2020-08-23 12:00:00+00:00,22.5,0,0,2020-08-23,12,0
215,2020-08-24 12:00:00+00:00,22.9,0,0,2020-08-24,12,0
216,2020-08-25 12:00:00+00:00,22.6,0,0,2020-08-25,12,0
217,2020-08-26 12:00:00+00:00,26.8,0,0,2020-08-26,12,0
218,2020-08-27 12:00:00+00:00,25.0,0,0,2020-08-27,12,0
219,2020-08-28 12:00:00+00:00,24.4,0,0,2020-08-28,12,0
220,2020-08-29 12:00:00+00:00,14.9,0,0,2020-08-29,12,0
221,2020-08-30 12:00:00+00:00,13.2,0,0,2020-08-30,12,0
222,2020-08-31 12:00:00+00:00,18.7,0,0,2020-08-31,12,0
223,2020-09-01 12:00:00+00:00,19.1,0,0,2020-09-01,12,0
224,2020-09-02 12:00:00+00:00,18.5,0,0,2020-09-02,12,0
225,2020-09-03 12:00:00+00:00,22.2,0,0,2020-09-03,12,0
226,2020-09-04 12:00:00+00:00,22.4,0,0,2020-09-04,12,0
227,2020-09-05 12:00:00+00:00,26.4,0,0,2020-09-05,12,0
228,2020-09-06 12:00:00+00:00,17.9,0,0,2020-09-06,12,0
229,2020-09-07 12:00:00+00:00,18.0,0,0,2020-09-07,12,0
230,2020-09-08 12:00:00+00:00,20.8,0,0,2020-09-08,12,0
231,2020-09-09 12:00:00+00:00,21.5,0,0,2020-09-09,12,0
232,2020-09-10 12:00:00+00:00,23.4,0,0,2020-09-10,12,0
233,2020-09-11 12:00:00+00:00,23.0,0,0,2020-09-11,12,0
234,2020-09-12 12:00:00+00:00,23.6,0,0,2020-09-12,12,0
235,2020-09-13 12:00:00+00:00,24.8,0,0,2020-09-13,12,0
236,2020-09-14 12:00:00+00:00,23.1,0,0,2020-09-14,12,0
237,2020-09-15 12:00:00+00:00,25.1,0,0,2020-09-15,12,0
238,2020-09-16 12:00:00+00:00,24.3,0,0,2020-09-16,12,0
239,2020-09-17 12:00:00+00:00,24.2,0,0,2020-09-17,12,0
240,2020-09-18 12:00:00+00:00,21.4,0,0,2020-09-18,12,0
241,2020-09-19 12:00:00+00:00,20.0,0,0,2020-09-19,12,0
242,2020-09-20 12:00:00+00:00,23.7,0,0,2020-09-20,12,0
243,2020-09-21 12:00:00+00:00,24.3,0,0,2020-09-21,12,0
244,2020-09-22 12:00:00+00:00,22.1,0,0,2020-09-22,12,0
245,2020-09-23 12:00:00+00:00,20.2,0,0,2020-09-23,12,0
246,2020-09-24 12:00:00+00:00,19.9,0,0,2020-09-24,12,0
247,2020-09-25 12:00:00+00:00,10.5,0,0,2020-09-25,12,0
248,2020-09-26 12:00:00+00:00,9.6,0,0,2020-09-26,12,0
249,2020-09-27 12:00:00+00:00,12.0,0,0,2020-09-27,12,0
250,2020-09-28 12:00:00+00:00,14.4,0,0,2020-09-28,12,0
251,2020-09-29 12:00:00+00:00,13.6,0,0,2020-09-29,12,0
252,2020-09-30 12:00:00+00:00,16.2,0,0,2020-09-30,12,0
253,2020-10-01 12:00:00+00:00,16.2,0,0,2020-10-01,12,0
254,2020-10-02 12:00:00+00:00,16.3,0,0,2020-10-02,12,0
255,2020-10-03 12:00:00+00:00,10.6,0,0,2020-10-03,12,0
256,2020-10-04 12:00:00+00:00,16.6,0,0,2020-10-04,12,0
257,2020-10-05 12:00:00+00:00,13.9,0,0,2020-10-05,12,0
258,2020-10-06 12:00:00+00:00,15.1,0,0,2020-10-06,12,0
259,2020-10-07 12:00:00+00:00,11.7,0,0,2020-10-07,12,0
260,2020-10-08 12:00:00+00:00,15.6,0,0,2020-10-08,12,0
261,2020-10-09 12:00:00+00:00,15.8,0,0,2020-10-09,12,0
262,2020-10-10 12:00:00+00:00,13.1,0,0,2020-10-10,12,0
263,2020-10-11 12:00:00+00:00,10.4,0,0,2020-10-11,12,0
264,2020-10-12 12:00:00+00:00,9.4,0,0,2020-10-12,12,0
265,2020-10-13 12:00:00+00:00,11.4,0,0,2020-10-13,12,0
266,2020-10-14 12:00:00+00:00,10.4,0,0,2020-10-14,12,0
267,2020-10-15 12:00:00+00:00,7.2,0,0,2020-10-15,12,0
268,2020-10-16 12:00:00+00:00,9.8,0,0,2020-10-16,12,0
269,2020-10-17 12:00:00+00:00,10.4,0,0,2020-10-17,12,0
270,2020-10-18 12:00:00+00:00,12.2,0,0,2020-10-18,12,0
271,2020-10-19 12:00:00+00:00,10.3,0,0,2020-10-19,12,0
272,2020-10-20 12:00:00+00:00,12.6,0,0,2020-10-20,12,0
273,2020-10-21 12:00:00+00:00,15.3,0,0,2020-10-21,12,0
274,2020-10-22 12:00:00+00:00,18.4,0,0,2020-10-22,12,0
275,2020-10-23 12:00:00+00:00,13.1,0,0,2020-10-23,12,0
276,2020-10-24 12:00:00+00:00,16.6,0,0,2020-10-24,12,0
277,2020-10-25 12:00:00+00:00,14.7,0,0,2020-10-25,12,0
278,2020-10-26 12:00:00+00:00,6.8,0,0,2020-10-26,12,0
279,2020-10-27 12:00:00+00:00,11.2,0,0,2020-10-27,12,0
280,2020-10-28 12:00:00+00:00,11.2,0,0,2020-10-28,12,0
281,2020-10-29 12:00:00+00:00,11.7,0,0,2020-10-29,12,0
282,2020-10-30 12:00:00+00:00,16.3,0,0,2020-10-30,12,0
283,2020-10-31 12:00:00+00:00,8.4,0,0,2020-10-31,12,0
284,2020-11-01 12:00:00+00:00,12.1,0,0,2020-11-01,12,0
285,2020-11-02 12:00:00+00:00,18.4,0,0,2020-11-02,12,0
286,2020-11-03 12:00:00+00:00,13.5,0,0,2020-11-03,12,0
287,2020-11-04 12:00:00+00:00,8.2,0,0,2020-11-04,12,0
288,2020-11-05 12:00:00+00:00,9.3,0,0,2020-11-05,12,0
289,2020-11-06 12:00:00+00:00,9.8,0,0,2020-11-06,12,0
290,2020-11-07 12:00:00+00:00,11.6,0,0,2020-11-07,12,0
291,2020-11-08 12:00:00+00:00,9.5,0,0,2020-11-08,12,0
292,2020-11-09 12:00:00+00:00,10.4,0,0,2020-11-09,12,0
293,2020-11-10 12:00:00+00:00,9.0,0,0,2020-11-10,12,0
294,2020-11-11 12:00:00+00:00,7.7,0,0,2020-11-11,12,0
295,2020-11-12 12:00:00+00:00,12.0,0,0,2020-11-12,12,0
296,2020-11-13 12:00:00+00:00,12.0,0,0,2020-11-13,12,0
297,2020-11-14 12:00:00+00:00,13.1,0,0,2020-11-14,12,0
298,2020-11-15 12:00:00+00:00,14.2,0,0,2020-11-15,12,0
299,2020-11-16 12:00:00+00:00,12.3,0,0,2020-11-16,12,0
300,2020-11-17 12:00:00+00:00,12.1,0,0,2020-11-17,12,0
301,2020-11-18 12:00:00+00:00,11.8,0,0,2020-11-18,12,0
302,2020-11-19 12:00:00+00:00,10.5,0,0,2020-11-19,12,0
303,2020-11-20 12:00:00+00:00,7.1,0,0,2020-11-20,12,0
304,2020-11-21 12:00:00+00:00,5.5,0,0,2020-11-21,12,0
305,2020-11-22 12:00:00+00:00,4.6,0,0,2020-11-22,12,0
306,2020-11-23 12:00:00+00:00,8.0,0,0,2020-11-23,12,0
307,2020-11-24 12:00:00+00:00,4.9,0,0,2020-11-24,12,0
308,2020-11-25 12:00:00+00:00,3.5,0,0,2020-11-25,12,0
309,2020-11-26 12:00:00+00:00,3.5,0,0,2020-11-26,12,0
310,2020-11-27 12:00:00+00:00,3.6,0,0,2020-11-27,12,0
311,2020-11-28 12:00:00+00:00,1.7,0,0,2020-11-28,12,0
312,2020-11-29 12:00:00+00:00,1.9,0,0,2020-11-29,12,0
313,2020-11-30 12:00:00+00:00,2.0,0,0,2020-11-30,12,0
314,2020-12-01 12:00:00+00:00,3.0,0,0,2020-12-01,12,0
315,2020-12-02 12:00:00+00:00,2.5,0,0,2020-12-02,12,0
316,2020-12-03 12:00:00+00:00,4.4,0,0,2020-12-03,12,0
317,2020-12-04 12:00:00+00:00,2.6,0,0,2020-12-04,12,0
318,2020-12-05 12:00:00+00:00,3.8,0,0,2020-12-05,12,0
319,2020-12-06 12:00:00+00:00,3.7,0,0,2020-12-06,12,0
320,2020-12-07 12:00:00+00:00,4.4,0,0,2020-12-07,12,0
321,2020-12-08 12:00:00+00:00,1.9,0,0,2020-12-08,12,0
322,2020-12-09 12:00:00+00:00,2.0,0,0,2020-12-09,12,0
323,2020-12-10 12:00:00+00:00,2.1,0,0,2020-12-10,12,0
324,2020-12-11 12:00:00+00:00,0.8,0,0,2020-12-11,12,0
325,2020-12-12 12:00:00+00:00,6.2,0,0,2020-12-12,12,0
326,2020-12-13 12:00:00+00:00,6.1,0,0,2020-12-13,12,0
327,2020-12-14 12:00:00+00:00,5.1,0,0,2020-12-14,12,0
328,2020-12-15 12:00:00+00:00,6.4,0,0,2020-12-15,12,0
329,2020-12-16 12:00:00+00:00,4.9,0,0,2020-12-16,12,0
330,2020-12-17 12:00:00+00:00,5.5,0,0,2020-12-17,12,0
331,2020-12-18 12:00:00+00:00,6.8,0,0,2020-12-18,12,0
332,2020-12-19 12:00:00+00:00,1.4,0,0,2020-12-19,12,0
333,2020-12-20 12:00:00+00:00,4.8,0,0,2020-12-20,12,0
334,2020-12-21 12:00:00+00:00,5.8,0,0,2020-12-21,12,0
335,2020-12-22 12:00:00+00:00,14.0,0,0,2020-12-22,12,0
336,2020-12-23 12:00:00+00:00,9.6,0,0,2020-12-23,12,0
337,2020-12-24 12:00:00+00:00,9.7,0,0,2020-12-24,12,0
338,2020-12-25 12:00:00+00:00,3.1,0,0,2020-12-25,12,0
339,2020-12-26 12:00:00+00:00,3.6,0,0,2020-12-26,12,0
340,2020-12-27 12:00:00+00:00,0.0,0,0,2020-12-27,12,0
341,2020-12-28 12:00:00+00:00,3.0,0,0,2020-12-28,12,0
342,2020-12-29 12:00:00+00:00,7.2,0,0,2020-12-29,12,0
343,2020-12-30 12:00:00+00:00,3.5,0,0,2020-12-30,12,0
344,2020-12-31 12:00:00+00:00,3.2,0,0,2020-12-31,12,0
345,2021-01-01 12:00:00+00:00,2.7,0,0,2021-01-01,12,0
346,2021-01-02 12:00:00+00:00,2.1,0,0,2021-01-02,12,0
347,2021-01-03 12:00:00+00:00,1.4,0,0,2021-01-03,12,0
348,2021-01-04 12:00:00+00:00,1.2,0,0,2021-01-04,12,0
349,2021-01-05 12:00:00+00:00,0.3,0,0,2021-01-05,12,0
350,2021-01-06 12:00:00+00:00,0.6,0,0,2021-01-06,12,0
351,2021-01-07 12:00:00+00:00,2.8,0,0,2021-01-07,12,0
352,2021-01-08 12:00:00+00:00,1.4,0,0,2021-01-08,12,0
353,2021-01-09 12:00:00+00:00,0.0,0,0,2021-01-09,12,0
354,2021-01-10 12:00:00+00:00,-0.6,0,0,2021-01-10,12,0
355,2021-01-11 12:00:00+00:00,-1.1,0,0,2021-01-11,12,0
356,2021-01-12 12:00:00+00:00,0.7,0,0,2021-01-12,12,0
357,2021-01-13 12:00:00+00:00,4.4,0,0,2021-01-13,12,0
358,2021-01-14 12:00:00+00:00,1.0,0,0,2021-01-14,12,0
359,2021-01-15 12:00:00+00:00,-0.7,0,0,2021-01-15,12,0
360,2021-01-16 12:00:00+00:00,-1.1,0,0,2021-01-16,12,0
361,2021-01-17 12:00:00+00:00,2.7,0,0,2021-01-17,12,0
362,2021-01-18 12:00:00+00:00,4.0,0,0,2021-01-18,12,0
363,2021-01-19 12:00:00+00:00,2.5,0,0,2021-01-19,12,0
364,2021-01-20 12:00:00+00:00,3.9,0,0,2021-01-20,12,0
365,2021-01-21 12:00:00+00:00,11.3,0,0,2021-01-21,12,0
366,2021-01-22 12:00:00+00:00,9.8,0,0,2021-01-22,12,0
367,2021-01-23 12:00:00+00:00,4.3,0,0,2021-01-23,12,0
368,2021-01-24 12:00:00+00:00,4.3,0,0,2021-01-24,12,0
369,2021-01-25 12:00:00+00:00,3.4,0,0,2021-01-25,12,0
370,2021-01-26 12:00:00+00:00,2.6,0,0,2021-01-26,12,0
371,2021-01-27 12:00:00+00:00,-0.6,0,0,2021-01-27,12,0
372,2021-01-28 12:00:00+00:00,7.9,0,0,2021-01-28,12,0
373,2021-01-29 12:00:00+00:00,6.7,0,0,2021-01-29,12,0
374,2021-01-30 12:00:00+00:00,5.0,0,0,2021-01-30,12,0
375,2021-01-31 12:00:00+00:00,5.0,0,0,2021-01-31,12,0
376,2021-02-01 12:00:00+00:00,5.3,0,0,2021-02-01,12,0
377,2021-02-02 12:00:00+00:00,7.0,0,0,2021-02-02,12,0
378,2021-02-03 12:00:00+00:00,11.2,0,0,2021-02-03,12,0
379,2021-02-04 12:00:00+00:00,7.1,0,0,2021-02-04,12,0
380,2021-02-05 12:00:00+00:00,8.1,0,0,2021-02-05,12,0
381,2021-02-06 12:00:00+00:00,7.5,0,0,2021-02-06,12,0
382,2021-02-07 12:00:00+00:00,6.6,0,0,2021-02-07,12,0
383,2021-02-08 12:00:00+00:00,5.7,0,0,2021-02-08,12,0
384,2021-02-09 12:00:00+00:00,1.3,0,0,2021-02-09,12,0
385,2021-02-10 12:00:00+00:00,2.8,0,0,2021-02-10,12,0
386,2021-02-11 12:00:00+00:00,-6.2,0,0,2021-02-11,12,0
387,2021-02-12 12:00:00+00:00,-6.1,0,0,2021-02-12,12,0
388,2021-02-13 12:00:00+00:00,-5.5,0,0,2021-02-13,12,0
389,2021-02-14 12:00:00+00:00,-1.3,0,0,2021-02-14,12,0
390,2021-02-15 12:00:00+00:00,2.0,0,0,2021-02-15,12,0
391,2021-02-16 12:00:00+00:00,6.9,0,0,2021-02-16,12,0
392,2021-02-17 12:00:00+00:00,7.9,0,0,2021-02-17,12,0
393,2021-02-18 12:00:00+00:00,8.9,0,0,2021-02-18,12,0
394,2021-02-19 12:00:00+00:00,11.4,0,0,2021-02-19,12,0
395,2021-02-20 12:00:00+00:00,9.2,0,0,2021-02-20,12,0
396,2021-02-21 12:00:00+00:00,13.0,0,0,2021-02-21,12,0
397,2021-02-22 12:00:00+00:00,13.6,0,0,2021-02-22,12,0
398,2021-02-23 12:00:00+00:00,11.3,0,0,2021-02-23,12,0
399,2021-02-24 12:00:00+00:00,10.6,0,0,2021-02-24,12,0
400,2021-02-25 12:00:00+00:00,14.2,0,0,2021-02-25,12,0
401,2021-02-26 12:00:00+00:00,10.5,0,0,2021-02-26,12,0
402,2021-02-27 12:00:00+00:00,5.6,0,0,2021-02-27,12,0
403,2021-02-28 12:00:00+00:00,4.7,0,0,2021-02-28,12,0
404,2021-03-01 12:00:00+00:00,5.6,0,0,2021-03-01,12,0
405,2021-03-02 12:00:00+00:00,8.8,0,0,2021-03-02,12,0
406,2021-03-03 12:00:00+00:00,6.7,0,0,2021-03-03,12,0
407,2021-03-04 12:00:00+00:00,8.2,0,0,2021-03-04,12,0
408,2021-03-05 12:00:00+00:00,5.1,0,0,2021-03-05,12,0
409,2021-03-06 12:00:00+00:00,2.9,0,0,2021-03-06,12,0
410,2021-03-07 12:00:00+00:00,4.6,0,0,2021-03-07,12,0
411,2021-03-08 12:00:00+00:00,8.0,0,0,2021-03-08,12,0
412,2021-03-09 12:00:00+00:00,5.6,0,0,2021-03-09,12,0
413,2021-03-10 12:00:00+00:00,8.4,0,0,2021-03-10,12,0
414,2021-03-11 12:00:00+00:00,14.9,0,0,2021-03-11,12,0
415,2021-03-12 12:00:00+00:00,10.0,0,0,2021-03-12,12,0
416,2021-03-13 12:00:00+00:00,12.6,0,0,2021-03-13,12,0
417,2021-03-14 12:00:00+00:00,5.1,0,0,2021-03-14,12,0
418,2021-03-15 12:00:00+00:00,3.8,0,0,2021-03-15,12,0
419,2021-03-16 12:00:00+00:00,5.9,0,0,2021-03-16,12,0
420,2021-03-17 12:00:00+00:00,4.9,0,0,2021-03-17,12,0
421,2021-03-18 12:00:00+00:00,2.7,0,0,2021-03-18,12,0
422,2021-03-19 12:00:00+00:00,4.6,0,0,2021-03-19,12,0
423,2021-03-20 12:00:00+00:00,2.8,0,0,2021-03-20,12,0
424,2021-03-21 12:00:00+00:00,3.0,0,0,2021-03-21,12,0
425,2021-03-22 12:00:00+00:00,4.9,0,0,2021-03-22,12,0
426,2021-03-23 12:00:00+00:00,7.9,0,0,2021-03-23,12,0
427,2021-03-24 12:00:00+00:00,7.6,0,0,2021-03-24,12,0
428,2021-03-25 12:00:00+00:00,10.0,0,0,2021-03-25,12,0
429,2021-03-26 12:00:00+00:00,9.9,0,0,2021-03-26,12,0
430,2021-03-27 12:00:00+00:00,9.5,0,0,2021-03-27,12,0
431,2021-03-28 12:00:00+00:00,9.7,0,0,2021-03-28,12,0
432,2021-03-29 12:00:00+00:00,13.5,0,0,2021-03-29,12,0
433,2021-03-30 12:00:00+00:00,13.0,0,0,2021-03-30,12,0
434,2021-03-31 12:00:00+00:00,13.9,0,0,2021-03-31,12,0
435,2021-04-01 12:00:00+00:00,15.5,0,0,2021-04-01,12,0
436,2021-04-02 12:00:00+00:00,17.5,0,0,2021-04-02,12,0
437,2021-04-03 12:00:00+00:00,6.9,0,0,2021-04-03,12,0
438,2021-04-04 12:00:00+00:00,10.1,0,0,2021-04-04,12,0
439,2021-04-05 12:00:00+00:00,14.4,0,0,2021-04-05,12,0
440,2021-04-06 12:00:00+00:00,2.5,0,0,2021-04-06,12,0
441,2021-04-07 12:00:00+00:00,3.0,0,0,2021-04-07,12,0
442,2021-04-08 12:00:00+00:00,6.8,0,0,2021-04-08,12,0
443,2021-04-09 12:00:00+00:00,15.5,0,0,2021-04-09,12,0
444,2021-04-10 12:00:00+00:00,11.7,0,0,2021-04-10,12,0
445,2021-04-11 12:00:00+00:00,14.2,0,0,2021-04-11,12,0
446,2021-04-12 12:00:00+00:00,3.3,0,0,2021-04-12,12,0
447,2021-04-13 12:00:00+00:00,5.3,0,0,2021-04-13,12,0
448,2021-04-14 12:00:00+00:00,6.9,0,0,2021-04-14,12,0
449,2021-04-15 12:00:00+00:00,6.2,0,0,2021-04-15,12,0
450,2021-04-16 12:00:00+00:00,7.1,0,0,2021-04-16,12,0
451,2021-04-17 12:00:00+00:00,8.1,0,0,2021-04-17,12,0
452,2021-04-18 12:00:00+00:00,7.6,0,0,2021-04-18,12,0
453,2021-04-19 12:00:00+00:00,11.5,0,0,2021-04-19,12,0
454,2021-04-20 12:00:00+00:00,13.8,0,0,2021-04-20,12,0
455,2021-04-21 12:00:00+00:00,15.1,0,0,2021-04-21,12,0
456,2021-04-22 12:00:00+00:00,16.2,0,0,2021-04-22,12,0
457,2021-04-23 12:00:00+00:00,15.2,0,0,2021-04-23,12,0
458,2021-04-24 12:00:00+00:00,14.8,0,0,2021-04-24,12,0
459,2021-04-25 12:00:00+00:00,17.1,0,0,2021-04-25,12,0
460,2021-04-26 12:00:00+00:00,13.7,0,0,2021-04-26,12,0
461,2021-04-27 12:00:00+00:00,15.9,0,0,2021-04-27,12,0
462,2021-04-28 12:00:00+00:00,17.3,0,0,2021-04-28,12,0
463,2021-04-29 12:00:00+00:00,11.4,0,0,2021-04-29,12,0
464,2021-04-30 12:00:00+00:00,13.5,0,0,2021-04-30,12,0
465,2021-05-01 12:00:00+00:00,9.0,0,0,2021-05-01,12,0
466,2021-05-02 12:00:00+00:00,8.8,0,0,2021-05-02,12,0
467,2021-05-03 12:00:00+00:00,11.0,0,0,2021-05-03,12,0
468,2021-05-04 12:00:00+00:00,17.7,0,0,2021-05-04,12,0
469,2021-05-05 12:00:00+00:00,10.3,0,0,2021-05-05,12,0
470,2021-05-06 12:00:00+00:00,8.7,0,0,2021-05-06,12,0
471,2021-05-07 12:00:00+00:00,8.9,0,0,2021-05-07,12,0
472,2021-05-08 12:00:00+00:00,13.3,0,0,2021-05-08,12,0
473,2021-05-09 12:00:00+00:00,19.4,0,0,2021-05-09,12,0
474,2021-05-10 12:00:00+00:00,17.9,0,0,2021-05-10,12,0
475,2021-05-11 12:00:00+00:00,12.2,0,0,2021-05-11,12,0
476,2021-05-12 12:00:00+00:00,12.2,0,0,2021-05-12,12,0
477,2021-05-13 12:00:00+00:00,9.9,0,0,2021-05-13,12,0
478,2021-05-14 12:00:00+00:00,15.1,0,0,2021-05-14,12,0
479,2021-05-15 12:00:00+00:00,14.9,0,0,2021-05-15,12,0
480,2021-05-16 12:00:00+00:00,11.7,0,0,2021-05-16,12,0
481,2021-05-17 12:00:00+00:00,14.5,0,0,2021-05-17,12,0
482,2021-05-18 12:00:00+00:00,12.5,0,0,2021-05-18,12,0
483,2021-05-19 12:00:00+00:00,10.2,0,0,2021-05-19,12,0
484,2021-05-20 12:00:00+00:00,14.1,0,0,2021-05-20,12,0
485,2021-05-21 12:00:00+00:00,12.3,0,0,2021-05-21,12,0
486,2021-05-22 12:00:00+00:00,16.0,0,0,2021-05-22,12,0
487,2021-05-23 12:00:00+00:00,14.3,0,0,2021-05-23,12,0
488,2021-05-24 12:00:00+00:00,13.0,0,0,2021-05-24,12,0
489,2021-05-25 12:00:00+00:00,14.4,0,0,2021-05-25,12,0
490,2021-05-26 12:00:00+00:00,15.8,0,0,2021-05-26,12,0
491,2021-05-27 12:00:00+00:00,10.2,0,0,2021-05-27,12,0
492,2021-05-28 12:00:00+00:00,18.0,0,0,2021-05-28,12,0
493,2021-05-29 12:00:00+00:00,16.6,0,0,2021-05-29,12,0
494,2021-05-30 12:00:00+00:00,17.3,0,0,2021-05-30,12,0
495,2021-05-31 12:00:00+00:00,18.4,0,0,2021-05-31,12,0
496,2021-06-01 12:00:00+00:00,21.3,0,0,2021-06-01,12,0
497,2021-06-02 12:00:00+00:00,22.1,0,0,2021-06-02,12,0
498,2021-06-03 12:00:00+00:00,22.8,0,0,2021-06-03,12,0
499,2021-06-04 12:00:00+00:00,20.6,0,0,2021-06-04,12,0
500,2021-06-05 12:00:00+00:00,17.0,0,0,2021-06-05,12,0
501,2021-06-06 12:00:00+00:00,17.9,0,0,2021-06-06,12,0
502,2021-06-07 12:00:00+00:00,19.2,0,0,2021-06-07,12,0
503,2021-06-08 12:00:00+00:00,20.8,0,0,2021-06-08,12,0
504,2021-06-09 12:00:00+00:00,22.3,0,0,2021-06-09,12,0
505,2021-06-10 12:00:00+00:00,23.8,0,0,2021-06-10,12,0
506,2021-06-11 12:00:00+00:00,23.7,0,0,2021-06-11,12,0
507,2021-06-12 12:00:00+00:00,26.8,0,0,2021-06-12,12,0
508,2021-06-13 12:00:00+00:00,22.9,0,0,2021-06-13,12,0
509,2021-06-14 12:00:00+00:00,23.8,0,0,2021-06-14,12,0
510,2021-06-15 12:00:00+00:00,26.8,0,0,2021-06-15,12,0
511,2021-06-16 12:00:00+00:00,28.1,0,0,2021-06-16,12,0
512,2021-06-17 12:00:00+00:00,28.3,0,0,2021-06-17,12,0
513,2021-06-18 12:00:00+00:00,28.9,0,0,2021-06-18,12,0
514,2021-06-19 12:00:00+00:00,27.5,0,0,2021-06-19,12,0
515,2021-06-20 12:00:00+00:00,25.8,0,0,2021-06-20,12,0
516,2021-06-21 12:00:00+00:00,24.9,0,0,2021-06-21,12,0
517,2021-06-22 12:00:00+00:00,19.7,0,0,2021-06-22,12,0
518,2021-06-23 12:00:00+00:00,23.4,0,0,2021-06-23,12,0
519,2021-06-24 12:00:00+00:00,20.7,0,0,2021-06-24,12,0
520,2021-06-25 12:00:00+00:00,18.6,0,0,2021-06-25,12,0
521,2021-06-26 12:00:00+00:00,22.4,0,0,2021-06-26,12,0
522,2021-06-27 12:00:00+00:00,26.5,0,0,2021-06-27,12,0
523,2021-06-28 12:00:00+00:00,27.2,0,0,2021-06-28,12,0
524,2021-06-29 12:00:00+00:00,15.6,0,0,2021-06-29,12,0
525,2021-06-30 12:00:00+00:00,20.1,0,0,2021-06-30,12,0
526,2021-07-01 12:00:00+00:00,19.0,0,0,2021-07-01,12,0
527,2021-07-02 12:00:00+00:00,22.5,0,0,2021-07-02,12,0
528,2021-07-03 12:00:00+00:00,23.2,0,0,2021-07-03,12,0
529,2021-07-04 12:00:00+00:00,21.5,0,0,2021-07-04,12,0
530,2021-07-05 12:00:00+00:00,20.3,0,0,2021-07-05,12,0
531,2021-07-06 12:00:00+00:00,23.4,0,0,2021-07-06,12,0
532,2021-07-07 12:00:00+00:00,18.1,0,0,2021-07-07,12,0
533,2021-07-08 12:00:00+00:00,17.8,0,0,2021-07-08,12,0
534,2021-07-09 12:00:00+00:00,19.8,0,0,2021-07-09,12,0
535,2021-07-10 12:00:00+00:00,23.6,0,0,2021-07-10,12,0
536,2021-07-11 12:00:00+00:00,20.9,0,0,2021-07-11,12,0
537,2021-07-12 12:00:00+00:00,25.7,0,0,2021-07-12,12,0
538,2021-07-13 12:00:00+00:00,13.1,0,0,2021-07-13,12,0
539,2021-07-14 12:00:00+00:00,17.6,0,0,2021-07-14,12,0
540,2021-07-23 12:00:00+00:00,25.1,0,0,2021-07-23,12,0
541,2021-07-24 12:00:00+00:00,25.4,0,0,2021-07-24,12,0
542,2021-07-25 12:00:00+00:00,20.1,0,0,2021-07-25,12,0
543,2021-07-26 12:00:00+00:00,23.4,0,0,2021-07-26,12,0
544,2021-07-27 12:00:00+00:00,23.4,0,0,2021-07-27,12,0
545,2021-07-28 12:00:00+00:00,19.4,0,0,2021-07-28,12,0
546,2021-07-29 12:00:00+00:00,23.3,0,0,2021-07-29,12,0
547,2021-07-30 12:00:00+00:00,25.6,0,0,2021-07-30,12,0
548,2021-07-31 12:00:00+00:00,22.8,0,0,2021-07-31,12,0
549,2021-08-01 12:00:00+00:00,17.3,0,0,2021-08-01,12,0
550,2021-08-02 12:00:00+00:00,19.7,0,0,2021-08-02,12,0
551,2021-08-03 12:00:00+00:00,23.0,0,0,2021-08-03,12,0
552,2021-08-04 12:00:00+00:00,16.9,0,0,2021-08-04,12,0
553,2021-08-05 12:00:00+00:00,19.5,0,0,2021-08-05,12,0
554,2021-08-06 12:00:00+00:00,22.0,0,0,2021-08-06,12,0
555,2021-08-07 12:00:00+00:00,19.7,0,0,2021-08-07,12,0
556,2021-08-08 12:00:00+00:00,16.6,0,0,2021-08-08,12,0
557,2021-08-09 12:00:00+00:00,22.9,0,0,2021-08-09,12,0
558,2021-08-10 12:00:00+00:00,24.2,0,0,2021-08-10,12,0
559,2021-08-11 12:00:00+00:00,24.3,0,0,2021-08-11,12,0
560,2021-08-12 12:00:00+00:00,25.1,0,0,2021-08-12,12,0
561,2021-08-13 12:00:00+00:00,27.4,0,0,2021-08-13,12,0
562,2021-08-14 12:00:00+00:00,27.8,0,0,2021-08-14,12,0
563,2021-08-15 12:00:00+00:00,28.1,0,0,2021-08-15,12,0
564,2021-08-16 12:00:00+00:00,17.9,0,0,2021-08-16,12,0
565,2021-08-17 12:00:00+00:00,20.6,0,0,2021-08-17,12,0
566,2021-08-18 12:00:00+00:00,21.1,0,0,2021-08-18,12,0
567,2021-08-19 12:00:00+00:00,21.3,0,0,2021-08-19,12,0
568,2021-08-20 12:00:00+00:00,24.8,0,0,2021-08-20,12,0
569,2021-08-21 12:00:00+00:00,24.8,0,0,2021-08-21,12,0
570,2021-08-22 12:00:00+00:00,20.9,0,0,2021-08-22,12,0
571,2021-08-23 12:00:00+00:00,21.9,0,0,2021-08-23,12,0
572,2021-08-24 12:00:00+00:00,16.1,0,0,2021-08-24,12,0
573,2021-08-25 12:00:00+00:00,16.8,0,0,2021-08-25,12,0
574,2021-08-26 12:00:00+00:00,22.3,0,0,2021-08-26,12,0
575,2021-08-27 12:00:00+00:00,19.2,0,0,2021-08-27,12,0
576,2021-08-30 12:00:00+00:00,16.7,0,0,2021-08-30,12,0
577,2021-09-02 12:00:00+00:00,20.9,0,0,2021-09-02,12,0
578,2021-09-03 12:00:00+00:00,21.4,0,0,2021-09-03,12,0
579,2021-09-04 12:00:00+00:00,24.2,0,0,2021-09-04,12,0
580,2021-09-05 12:00:00+00:00,24.1,0,0,2021-09-05,12,0
581,2021-09-06 12:00:00+00:00,24.4,0,0,2021-09-06,12,0
582,2021-09-07 12:00:00+00:00,24.0,0,0,2021-09-07,12,0
583,2021-09-08 12:00:00+00:00,25.1,0,0,2021-09-08,12,0
584,2021-09-09 12:00:00+00:00,20.4,0,0,2021-09-09,12,0
585,2021-09-10 12:00:00+00:00,22.2,0,0,2021-09-10,12,0
586,2021-09-11 12:00:00+00:00,23.9,0,0,2021-09-11,12,0
587,2021-09-12 12:00:00+00:00,21.8,0,0,2021-09-12,12,0
588,2021-09-13 12:00:00+00:00,22.2,0,0,2021-09-13,12,0
589,2021-09-14 12:00:00+00:00,24.3,0,0,2021-09-14,12,0
590,2021-09-15 12:00:00+00:00,22.7,0,0,2021-09-15,12,0
591,2021-09-16 12:00:00+00:00,22.4,0,0,2021-09-16,12,0
592,2021-09-17 12:00:00+00:00,19.1,0,0,2021-09-17,12,0
593,2021-09-18 12:00:00+00:00,21.3,0,0,2021-09-18,12,0
594,2021-09-19 12:00:00+00:00,12.4,0,0,2021-09-19,12,0
595,2021-09-20 12:00:00+00:00,14.8,0,0,2021-09-20,12,0
596,2021-09-21 12:00:00+00:00,17.9,0,0,2021-09-21,12,0
597,2021-09-22 12:00:00+00:00,16.0,0,0,2021-09-22,12,0
598,2021-09-23 12:00:00+00:00,16.4,0,0,2021-09-23,12,0
599,2021-09-24 12:00:00+00:00,22.0,0,0,2021-09-24,12,0
600,2021-09-25 12:00:00+00:00,20.8,0,0,2021-09-25,12,0
601,2021-09-26 12:00:00+00:00,19.9,0,0,2021-09-26,12,0
602,2021-09-27 12:00:00+00:00,20.9,0,0,2021-09-27,12,0
603,2021-09-28 12:00:00+00:00,16.9,0,0,2021-09-28,12,0
604,2021-09-29 12:00:00+00:00,19.6,0,0,2021-09-29,12,0
605,2021-09-30 12:00:00+00:00,19.0,0,0,2021-09-30,12,0
606,2021-10-01 12:00:00+00:00,17.2,0,0,2021-10-01,12,0
607,2021-10-02 12:00:00+00:00,19.8,0,0,2021-10-02,12,0
608,2021-10-03 12:00:00+00:00,22.3,0,0,2021-10-03,12,0
609,2021-10-04 12:00:00+00:00,13.6,0,0,2021-10-04,12,0
610,2021-10-05 12:00:00+00:00,14.2,0,0,2021-10-05,12,0
611,2021-10-06 12:00:00+00:00,11.3,0,0,2021-10-06,12,0
612,2021-10-07 12:00:00+00:00,12.5,0,0,2021-10-07,12,0
613,2021-10-08 12:00:00+00:00,15.2,0,0,2021-10-08,12,0
614,2021-10-09 12:00:00+00:00,11.8,0,0,2021-10-09,12,0
615,2021-10-10 12:00:00+00:00,12.5,0,0,2021-10-10,12,0
616,2021-10-11 12:00:00+00:00,12.2,0,0,2021-10-11,12,0
617,2021-10-12 12:00:00+00:00,11.5,0,0,2021-10-12,12,0
618,2021-10-13 12:00:00+00:00,11.0,0,0,2021-10-13,12,0
619,2021-10-14 12:00:00+00:00,12.1,0,0,2021-10-14,12,0
620,2021-10-15 12:00:00+00:00,14.4,0,0,2021-10-15,12,0
621,2021-10-16 12:00:00+00:00,11.9,0,0,2021-10-16,12,0
622,2021-10-17 12:00:00+00:00,13.2,0,0,2021-10-17,12,0
623,2021-10-18 12:00:00+00:00,14.9,0,0,2021-10-18,12,0
624,2021-10-19 12:00:00+00:00,15.3,0,0,2021-10-19,12,0
625,2021-10-20 12:00:00+00:00,18.9,0,0,2021-10-20,12,0
626,2021-10-21 12:00:00+00:00,16.7,0,0,2021-10-21,12,0
627,2021-10-22 12:00:00+00:00,10.0,0,0,2021-10-22,12,0
628,2021-10-23 12:00:00+00:00,11.2,0,0,2021-10-23,12,0
629,2021-10-24 12:00:00+00:00,12.1,0,0,2021-10-24,12,0
630,2021-10-25 12:00:00+00:00,14.2,0,0,2021-10-25,12,0
631,2021-10-26 12:00:00+00:00,12.3,0,0,2021-10-26,12,0
632,2021-10-27 12:00:00+00:00,9.7,0,0,2021-10-27,12,0
633,2021-10-29 12:00:00+00:00,11.3,0,0,2021-10-29,12,0
634,2021-10-31 12:00:00+00:00,17.4,0,0,2021-10-31,12,0
635,2021-11-01 12:00:00+00:00,10.7,0,0,2021-11-01,12,0
636,2021-11-02 12:00:00+00:00,11.2,0,0,2021-11-02,12,0
637,2021-11-03 12:00:00+00:00,7.8,0,0,2021-11-03,12,0
638,2021-11-04 12:00:00+00:00,8.3,0,0,2021-11-04,12,0
639,2021-11-05 12:00:00+00:00,9.0,0,0,2021-11-05,12,0
640,2021-11-06 12:00:00+00:00,8.3,0,0,2021-11-06,12,0
641,2021-11-07 12:00:00+00:00,8.1,0,0,2021-11-07,12,0
642,2021-11-08 12:00:00+00:00,8.2,0,0,2021-11-08,12,0
643,2021-11-09 12:00:00+00:00,6.5,0,0,2021-11-09,12,0
644,2021-11-10 12:00:00+00:00,7.8,0,0,2021-11-10,12,0
645,2021-11-11 12:00:00+00:00,6.4,0,0,2021-11-11,12,0
646,2021-11-12 12:00:00+00:00,6.0,0,0,2021-11-12,12,0
647,2021-11-13 12:00:00+00:00,8.5,0,0,2021-11-13,12,0
648,2021-11-14 12:00:00+00:00,9.3,0,0,2021-11-14,12,0
649,2021-11-15 12:00:00+00:00,6.6,0,0,2021-11-15,12,0
650,2021-11-16 12:00:00+00:00,6.8,0,0,2021-11-16,12,0
651,2021-11-17 12:00:00+00:00,5.6,0,0,2021-11-17,12,0
652,2021-11-18 12:00:00+00:00,9.2,0,0,2021-11-18,12,0
653,2021-11-19 12:00:00+00:00,4.9,0,0,2021-11-19,12,0
654,2021-11-20 12:00:00+00:00,3.6,0,0,2021-11-20,12,0
655,2021-11-21 12:00:00+00:00,6.7,0,0,2021-11-21,12,0
656,2021-11-22 12:00:00+00:00,5.2,0,0,2021-11-22,12,0
657,2021-11-23 12:00:00+00:00,4.2,0,0,2021-11-23,12,0
658,2021-11-24 12:00:00+00:00,4.8,0,0,2021-11-24,12,0
659,2021-11-25 12:00:00+00:00,4.2,0,0,2021-11-25,12,0
660,2021-11-26 12:00:00+00:00,1.3,0,0,2021-11-26,12,0
661,2021-11-27 12:00:00+00:00,3.6,0,0,2021-11-27,12,0
662,2021-11-28 12:00:00+00:00,3.8,0,0,2021-11-28,12,0
663,2021-11-29 12:00:00+00:00,3.3,0,0,2021-11-29,12,0
664,2021-11-30 12:00:00+00:00,2.8,0,0,2021-11-30,12,0
665,2021-12-01 12:00:00+00:00,7.7,0,0,2021-12-01,12,0
666,2021-12-02 12:00:00+00:00,5.1,0,0,2021-12-02,12,0
667,2021-12-03 12:00:00+00:00,3.5,0,0,2021-12-03,12,0
668,2021-12-04 12:00:00+00:00,5.1,0,0,2021-12-04,12,0
669,2021-12-05 12:00:00+00:00,5.8,0,0,2021-12-05,12,0
670,2021-12-06 12:00:00+00:00,4.0,0,0,2021-12-06,12,0
671,2021-12-07 12:00:00+00:00,5.3,0,0,2021-12-07,12,0
672,2021-12-08 12:00:00+00:00,1.7,0,0,2021-12-08,12,0
673,2021-12-09 12:00:00+00:00,3.6,0,0,2021-12-09,12,0
674,2021-12-10 12:00:00+00:00,-0.1,0,0,2021-12-10,12,0
675,2021-12-11 12:00:00+00:00,3.5,0,0,2021-12-11,12,0
676,2021-12-12 12:00:00+00:00,4.4,0,0,2021-12-12,12,0
677,2021-12-13 12:00:00+00:00,8.4,0,0,2021-12-13,12,0
678,2021-12-14 12:00:00+00:00,2.6,0,0,2021-12-14,12,0
679,2021-12-15 12:00:00+00:00,2.7,0,0,2021-12-15,12,0
680,2021-12-16 12:00:00+00:00,3.5,0,0,2021-12-16,12,0
681,2021-12-17 12:00:00+00:00,3.4,0,0,2021-12-17,12,0
682,2021-12-18 12:00:00+00:00,2.8,0,0,2021-12-18,12,0
683,2021-12-19 12:00:00+00:00,1.1,0,0,2021-12-19,12,0
684,2021-12-20 12:00:00+00:00,2.3,0,0,2021-12-20,12,0
685,2021-12-21 12:00:00+00:00,0.1,0,0,2021-12-21,12,0
686,2021-12-22 12:00:00+00:00,-0.9,0,0,2021-12-22,12,0
687,2021-12-23 12:00:00+00:00,4.5,0,0,2021-12-23,12,0
688,2021-12-24 12:00:00+00:00,6.8,0,0,2021-12-24,12,0
689,2021-12-25 12:00:00+00:00,5.2,0,0,2021-12-25,12,0
690,2021-12-26 12:00:00+00:00,6.3,0,0,2021-12-26,12,0
691,2021-12-27 12:00:00+00:00,7.4,0,0,2021-12-27,12,0
692,2021-12-28 12:00:00+00:00,9.8,0,0,2021-12-28,12,0
693,2021-12-29 12:00:00+00:00,6.6,0,0,2021-12-29,12,0
694,2021-12-30 12:00:00+00:00,8.9,0,0,2021-12-30,12,0
695,2021-12-31 12:00:00+00:00,9.8,0,0,2021-12-31,12,0
696,2022-01-01 12:00:00+00:00,11.2,0,0,2022-01-01,12,0
697,2022-01-02 12:00:00+00:00,9.5,0,0,2022-01-02,12,0
698,2022-01-03 12:00:00+00:00,12.1,0,0,2022-01-03,12,0
699,2022-01-04 12:00:00+00:00,14.7,0,0,2022-01-04,12,0
700,2022-01-05 12:00:00+00:00,2.8,0,0,2022-01-05,12,0
701,2022-01-06 12:00:00+00:00,1.2,0,0,2022-01-06,12,0
702,2022-01-07 12:00:00+00:00,2.6,0,0,2022-01-07,12,0
703,2022-01-08 12:00:00+00:00,3.9,0,0,2022-01-08,12,0
704,2022-01-09 12:00:00+00:00,5.3,0,0,2022-01-09,12,0
705,2022-01-10 12:00:00+00:00,3.1,0,0,2022-01-10,12,0
706,2022-01-11 12:00:00+00:00,3.1,0,0,2022-01-11,12,0
707,2022-01-12 12:00:00+00:00,0.5,0,0,2022-01-12,12,0
708,2022-01-13 12:00:00+00:00,0.5,0,0,2022-01-13,12,0
709,2022-01-14 12:00:00+00:00,3.8,0,0,2022-01-14,12,0
710,2022-01-15 12:00:00+00:00,1.0,0,0,2022-01-15,12,0
711,2022-01-16 12:00:00+00:00,2.3,0,0,2022-01-16,12,0
712,2022-01-17 12:00:00+00:00,6.2,0,0,2022-01-17,12,0
713,2022-01-18 12:00:00+00:00,4.3,0,0,2022-01-18,12,0
714,2022-01-19 12:00:00+00:00,4.6,0,0,2022-01-19,12,0
715,2022-01-20 12:00:00+00:00,3.8,0,0,2022-01-20,12,0
716,2022-01-21 12:00:00+00:00,1.6,0,0,2022-01-21,12,0
717,2022-01-22 12:00:00+00:00,3.1,0,0,2022-01-22,12,0
718,2022-01-23 12:00:00+00:00,4.4,0,0,2022-01-23,12,0
719,2022-01-24 12:00:00+00:00,1.4,0,0,2022-01-24,12,0
720,2022-01-25 12:00:00+00:00,2.3,0,0,2022-01-25,12,0
721,2022-01-26 12:00:00+00:00,3.3,0,0,2022-01-26,12,0
722,2022-01-27 12:00:00+00:00,1.6,0,0,2022-01-27,12,0
723,2022-01-28 12:00:00+00:00,6.7,0,0,2022-01-28,12,0
724,2022-01-29 12:00:00+00:00,6.5,0,0,2022-01-29,12,0
725,2022-01-30 12:00:00+00:00,9.6,0,0,2022-01-30,12,0
726,2022-01-31 12:00:00+00:00,2.6,0,0,2022-01-31,12,0
727,2022-02-01 12:00:00+00:00,2.6,0,0,2022-02-01,12,0
728,2022-02-02 12:00:00+00:00,7.4,0,0,2022-02-02,12,0
729,2022-02-03 12:00:00+00:00,6.3,0,0,2022-02-03,12,0
730,2022-02-04 12:00:00+00:00,8.3,0,0,2022-02-04,12,0
731,2022-02-05 12:00:00+00:00,7.2,0,0,2022-02-05,12,0
732,2022-02-06 12:00:00+00:00,6.2,0,0,2022-02-06,12,0
733,2022-02-07 12:00:00+00:00,6.8,0,0,2022-02-07,12,0
734,2022-02-08 12:00:00+00:00,5.8,0,0,2022-02-08,12,0
735,2022-02-09 12:00:00+00:00,6.5,0,0,2022-02-09,12,0
736,2022-02-10 12:00:00+00:00,9.7,0,0,2022-02-10,12,0
737,2022-02-11 12:00:00+00:00,4.5,0,0,2022-02-11,12,0
738,2022-02-12 12:00:00+00:00,3.6,0,0,2022-02-12,12,0
739,2022-02-13 12:00:00+00:00,6.5,0,0,2022-02-13,12,0
740,2022-02-14 12:00:00+00:00,6.9,0,0,2022-02-14,12,0
741,2022-02-15 12:00:00+00:00,6.7,0,0,2022-02-15,12,0
742,2022-02-16 12:00:00+00:00,5.3,0,0,2022-02-16,12,0
743,2022-02-17 12:00:00+00:00,10.0,0,0,2022-02-17,12,0
744,2022-02-18 12:00:00+00:00,11.8,0,0,2022-02-18,12,0
745,2022-02-19 12:00:00+00:00,8.4,0,0,2022-02-19,12,0
746,2022-02-20 12:00:00+00:00,10.7,0,0,2022-02-20,12,0
747,2022-02-21 12:00:00+00:00,5.3,0,0,2022-02-21,12,0
748,2022-02-22 12:00:00+00:00,8.7,0,0,2022-02-22,12,0
749,2022-02-23 12:00:00+00:00,8.0,0,0,2022-02-23,12,0
750,2022-02-24 12:00:00+00:00,10.9,0,0,2022-02-24,12,0
751,2022-02-25 12:00:00+00:00,7.1,0,0,2022-02-25,12,0
752,2022-02-26 12:00:00+00:00,4.6,0,0,2022-02-26,12,0
753,2022-02-27 12:00:00+00:00,4.6,0,0,2022-02-27,12,0
754,2022-02-28 12:00:00+00:00,5.4,0,0,2022-02-28,12,0
755,2022-03-01 12:00:00+00:00,6.6,0,0,2022-03-01,12,0
756,2022-03-02 12:00:00+00:00,5.2,0,0,2022-03-02,12,0
757,2022-03-03 12:00:00+00:00,9.2,0,0,2022-03-03,12,0
758,2022-03-04 12:00:00+00:00,6.9,0,0,2022-03-04,12,0
759,2022-03-05 12:00:00+00:00,5.1,0,0,2022-03-05,12,0
760,2022-03-06 12:00:00+00:00,3.1,0,0,2022-03-06,12,0
761,2022-03-07 12:00:00+00:00,2.5,0,0,2022-03-07,12,0
762,2022-03-08 12:00:00+00:00,5.9,0,0,2022-03-08,12,0
763,2022-03-09 12:00:00+00:00,9.3,0,0,2022-03-09,12,0
764,2022-03-10 12:00:00+00:00,11.2,0,0,2022-03-10,12,0
765,2022-03-11 12:00:00+00:00,13.0,0,0,2022-03-11,12,0
766,2022-03-12 12:00:00+00:00,11.2,0,0,2022-03-12,12,0
767,2022-03-13 12:00:00+00:00,13.3,0,0,2022-03-13,12,0
768,2022-03-14 12:00:00+00:00,12.7,0,0,2022-03-14,12,0
769,2022-03-15 12:00:00+00:00,8.0,0,0,2022-03-15,12,0
770,2022-03-16 12:00:00+00:00,14.0,0,0,2022-03-16,12,0
771,2022-03-17 12:00:00+00:00,14.1,0,0,2022-03-17,12,0
772,2022-03-18 12:00:00+00:00,8.4,0,0,2022-03-18,12,0
773,2022-03-19 12:00:00+00:00,9.8,0,0,2022-03-19,12,0
774,2022-03-20 12:00:00+00:00,12.0,0,0,2022-03-20,12,0
775,2022-03-21 12:00:00+00:00,12.1,0,0,2022-03-21,12,0
776,2022-03-22 12:00:00+00:00,13.3,0,0,2022-03-22,12,0
777,2022-03-23 12:00:00+00:00,16.0,0,0,2022-03-23,12,0
778,2022-03-24 12:00:00+00:00,10.9,0,0,2022-03-24,12,0
779,2022-03-25 12:00:00+00:00,15.9,0,0,2022-03-25,12,0
780,2022-03-26 12:00:00+00:00,14.8,0,0,2022-03-26,12,0
781,2022-03-27 12:00:00+00:00,16.7,0,0,2022-03-27,12,0
782,2022-03-28 12:00:00+00:00,12.7,0,0,2022-03-28,12,0
783,2022-03-29 12:00:00+00:00,12.8,0,0,2022-03-29,12,0
784,2022-03-30 12:00:00+00:00,11.0,0,0,2022-03-30,12,0
785,2022-03-31 12:00:00+00:00,10.1,0,0,2022-03-31,12,0
786,2022-04-01 12:00:00+00:00,3.0,0,0,2022-04-01,12,0
787,2022-04-02 12:00:00+00:00,1.3,0,0,2022-04-02,12,0
788,2022-04-03 12:00:00+00:00,2.4,0,0,2022-04-03,12,0
789,2022-04-04 12:00:00+00:00,5.7,0,0,2022-04-04,12,0
790,2022-04-05 12:00:00+00:00,7.7,0,0,2022-04-05,12,0
791,2022-04-06 12:00:00+00:00,13.2,0,0,2022-04-06,12,0
792,2022-04-07 12:00:00+00:00,12.5,0,0,2022-04-07,12,0
793,2022-04-08 12:00:00+00:00,14.8,0,0,2022-04-08,12,0
794,2022-04-09 12:00:00+00:00,5.6,0,0,2022-04-09,12,0
795,2022-04-10 12:00:00+00:00,8.0,0,0,2022-04-10,12,0
796,2022-04-11 12:00:00+00:00,12.0,0,0,2022-04-11,12,0
797,2022-04-12 12:00:00+00:00,14.2,0,0,2022-04-12,12,0
798,2022-04-13 12:00:00+00:00,17.1,0,0,2022-04-13,12,0
799,2022-04-14 12:00:00+00:00,19.6,0,0,2022-04-14,12,0
800,2022-04-15 12:00:00+00:00,16.8,0,0,2022-04-15,12,0
801,2022-04-16 12:00:00+00:00,11.6,0,0,2022-04-16,12,0
802,2022-04-17 12:00:00+00:00,11.6,0,0,2022-04-17,12,0
803,2022-04-18 12:00:00+00:00,13.1,0,0,2022-04-18,12,0
804,2022-04-19 12:00:00+00:00,15.6,0,0,2022-04-19,12,0
805,2022-04-20 12:00:00+00:00,13.4,0,0,2022-04-20,12,0
806,2022-04-21 12:00:00+00:00,13.8,0,0,2022-04-21,12,0
807,2022-04-22 12:00:00+00:00,14.4,0,0,2022-04-22,12,0
808,2022-04-23 12:00:00+00:00,13.4,0,0,2022-04-23,12,0
809,2022-04-24 12:00:00+00:00,11.1,0,0,2022-04-24,12,0
810,2022-04-25 12:00:00+00:00,11.2,0,0,2022-04-25,12,0
811,2022-04-26 12:00:00+00:00,8.9,0,0,2022-04-26,12,0
812,2022-04-27 12:00:00+00:00,13.6,0,0,2022-04-27,12,0
813,2022-04-28 12:00:00+00:00,15.7,0,0,2022-04-28,12,0
814,2022-04-29 12:00:00+00:00,16.9,0,0,2022-04-29,12,0
815,2022-04-30 12:00:00+00:00,13.4,0,0,2022-04-30,12,0
816,2022-05-01 12:00:00+00:00,13.7,0,0,2022-05-01,12,0
817,2022-05-03 12:00:00+00:00,18.5,0,1,2022-05-03,12,0
818,2022-05-04 12:00:00+00:00,20.4,0,1,2022-05-04,12,0
819,2022-05-05 12:00:00+00:00,14.6,0,1,2022-05-05,12,0
820,2022-05-06 12:00:00+00:00,12.9,0,1,2022-05-06,12,0
821,2022-05-07 12:00:00+00:00,16.7,0,1,2022-05-07,12,0
822,2022-05-08 12:00:00+00:00,17.3,0,1,2022-05-08,12,0
823,2022-05-09 12:00:00+00:00,20.3,0,1,2022-05-09,12,0
824,2022-05-10 12:00:00+00:00,23.6,0,1,2022-05-10,12,0
825,2022-05-11 12:00:00+00:00,26.9,0,1,2022-05-11,12,0
826,2022-05-12 12:00:00+00:00,25.8,0,1,2022-05-12,12,0
827,2022-05-13 12:00:00+00:00,18.9,0,1,2022-05-13,12,0
828,2022-05-14 12:00:00+00:00,22.6,0,1,2022-05-14,12,0
829,2022-05-15 12:00:00+00:00,25.3,0,1,2022-05-15,12,0
830,2022-05-16 12:00:00+00:00,24.2,0,1,2022-05-16,12,0
831,2022-05-17 12:00:00+00:00,25.0,0,1,2022-05-17,12,0
832,2022-05-18 12:00:00+00:00,26.5,0,1,2022-05-18,12,0
833,2022-05-19 12:00:00+00:00,27.2,0,1,2022-05-19,12,0
834,2022-05-20 12:00:00+00:00,27.8,0,1,2022-05-20,12,0
835,2022-05-21 12:00:00+00:00,23.2,0,1,2022-05-21,12,0
836,2022-05-22 12:00:00+00:00,22.9,0,1,2022-05-22,12,0
837,2022-05-23 12:00:00+00:00,25.0,0,1,2022-05-23,12,0
838,2022-05-24 12:00:00+00:00,14.3,0,1,2022-05-24,12,0
839,2022-05-25 12:00:00+00:00,19.6,0,1,2022-05-25,12,0
840,2022-05-26 12:00:00+00:00,22.1,0,1,2022-05-26,12,0
841,2022-05-27 12:00:00+00:00,21.6,0,1,2022-05-27,12,0
842,2022-05-28 12:00:00+00:00,19.7,0,1,2022-05-28,12,0
843,2022-05-29 12:00:00+00:00,16.2,0,1,2022-05-29,12,0
844,2022-05-30 12:00:00+00:00,17.5,0,1,2022-05-30,12,0
845,2022-05-31 12:00:00+00:00,18.1,0,1,2022-05-31,12,0
846,2022-06-01 12:00:00+00:00,20.5,0,1,2022-06-01,12,0
847,2022-06-02 12:00:00+00:00,23.0,0,1,2022-06-02,12,0
848,2022-06-03 12:00:00+00:00,26.2,0,1,2022-06-03,12,0
849,2022-06-04 12:00:00+00:00,26.9,0,1,2022-06-04,12,0
850,2022-06-05 12:00:00+00:00,17.9,0,1,2022-06-05,12,0
851,2022-06-06 12:00:00+00:00,23.9,0,1,2022-06-06,12,0
852,2022-06-07 12:00:00+00:00,16.2,0,1,2022-06-07,12,0
853,2022-06-08 12:00:00+00:00,22.8,0,1,2022-06-08,12,0
854,2022-06-09 12:00:00+00:00,16.9,0,1,2022-06-09,12,0
855,2022-06-10 12:00:00+00:00,20.5,0,1,2022-06-10,12,0
856,2022-06-11 12:00:00+00:00,25.7,0,1,2022-06-11,12,0
857,2022-06-12 12:00:00+00:00,27.3,0,1,2022-06-12,12,0
858,2022-06-13 12:00:00+00:00,24.2,0,1,2022-06-13,12,0
859,2022-06-14 12:00:00+00:00,24.5,0,1,2022-06-14,12,0
860,2022-06-15 12:00:00+00:00,26.4,0,1,2022-06-15,12,0
861,2022-06-16 12:00:00+00:00,29.8,0,1,2022-06-16,12,0
862,2022-06-17 12:00:00+00:00,29.2,0,1,2022-06-17,12,0
863,2022-06-18 12:00:00+00:00,29.4,0,1,2022-06-18,12,0
864,2022-06-19 12:00:00+00:00,34.1,0,1,2022-06-19,12,0
865,2022-06-20 12:00:00+00:00,32.0,0,1,2022-06-20,12,0
866,2022-06-21 12:00:00+00:00,27.0,0,1,2022-06-21,12,0
867,2022-06-22 12:00:00+00:00,22.4,0,1,2022-06-22,12,0
868,2022-06-23 12:00:00+00:00,27.6,0,1,2022-06-23,12,0
869,2022-06-24 12:00:00+00:00,18.1,0,0,2022-06-24,12,0
870,2022-06-25 12:00:00+00:00,25.0,0,1,2022-06-25,12,0
871,2022-06-26 12:00:00+00:00,26.7,0,1,2022-06-26,12,0
872,2022-06-27 12:00:00+00:00,23.4,0,1,2022-06-27,12,0
873,2022-06-28 12:00:00+00:00,19.8,0,1,2022-06-28,12,0
874,2022-06-29 12:00:00+00:00,27.1,0,1,2022-06-29,12,0
875,2022-06-30 12:00:00+00:00,25.7,0,1,2022-06-30,12,0
876,2022-07-01 12:00:00+00:00,16.6,0,1,2022-07-01,12,0
877,2022-07-02 12:00:00+00:00,23.1,0,1,2022-07-02,12,0
878,2022-07-03 12:00:00+00:00,28.4,0,1,2022-07-03,12,0
879,2022-07-04 12:00:00+00:00,26.3,0,1,2022-07-04,12,0
880,2022-07-05 12:00:00+00:00,24.6,0,1,2022-07-05,12,0
881,2022-07-06 12:00:00+00:00,25.1,0,1,2022-07-06,12,0
882,2022-07-07 12:00:00+00:00,23.4,0,1,2022-07-07,12,0
883,2022-07-08 12:00:00+00:00,22.0,0,1,2022-07-08,12,0
884,2022-07-09 12:00:00+00:00,23.9,0,1,2022-07-09,12,0
885,2022-07-10 12:00:00+00:00,25.5,0,1,2022-07-10,12,0
886,2022-07-11 12:00:00+00:00,22.6,0,1,2022-07-11,12,0
887,2022-07-12 12:00:00+00:00,25.0,0,1,2022-07-12,12,0
888,2022-07-13 12:00:00+00:00,28.2,0,1,2022-07-13,12,0
889,2022-07-14 12:00:00+00:00,33.2,0,1,2022-07-14,12,0
890,2022-07-15 12:00:00+00:00,27.1,0,1,2022-07-15,12,0
891,2022-07-16 12:00:00+00:00,26.6,0,1,2022-07-16,12,0
892,2022-07-17 12:00:00+00:00,27.4,0,1,2022-07-17,12,0
893,2022-07-18 12:00:00+00:00,30.7,0,1,2022-07-18,12,0
894,2022-07-19 12:00:00+00:00,33.3,0,1,2022-07-19,12,0
895,2022-07-20 12:00:00+00:00,34.3,0,1,2022-07-20,12,0
896,2022-07-21 12:00:00+00:00,25.6,0,1,2022-07-21,12,0
897,2022-07-22 12:00:00+00:00,30.5,0,1,2022-07-22,12,0
898,2022-07-23 12:00:00+00:00,24.4,0,1,2022-07-23,12,0
899,2022-07-24 12:00:00+00:00,30.8,0,1,2022-07-24,12,0
900,2022-07-25 12:00:00+00:00,34.2,0,1,2022-07-25,12,0
901,2022-07-26 12:00:00+00:00,23.1,0,1,2022-07-26,12,0
902,2022-07-27 12:00:00+00:00,25.3,0,1,2022-07-27,12,0
903,2022-07-28 12:00:00+00:00,28.7,0,1,2022-07-28,12,0
904,2022-07-29 12:00:00+00:00,23.8,0,1,2022-07-29,12,0
905,2022-07-30 12:00:00+00:00,25.9,0,1,2022-07-30,12,0
906,2022-07-31 12:00:00+00:00,28.3,0,1,2022-07-31,12,0
907,2022-08-01 12:00:00+00:00,30.1,0,1,2022-08-01,12,0
908,2022-08-02 12:00:00+00:00,28.3,0,1,2022-08-02,12,0
909,2022-08-03 12:00:00+00:00,29.0,0,1,2022-08-03,12,0
910,2022-08-04 12:00:00+00:00,31.8,0,1,2022-08-04,12,0
911,2022-08-05 12:00:00+00:00,30.0,0,1,2022-08-05,12,0
912,2022-08-06 12:00:00+00:00,18.0,0,1,2022-08-06,12,0
913,2022-08-07 12:00:00+00:00,20.3,0,1,2022-08-07,12,0
914,2022-08-08 12:00:00+00:00,24.9,0,1,2022-08-08,12,0
915,2022-08-09 12:00:00+00:00,26.3,0,1,2022-08-09,12,0
916,2022-08-10 12:00:00+00:00,25.9,0,1,2022-08-10,12,0
917,2022-08-11 12:00:00+00:00,25.7,0,1,2022-08-11,12,0
918,2022-08-12 12:00:00+00:00,25.6,0,1,2022-08-12,12,0
919,2022-08-13 12:00:00+00:00,25.3,0,1,2022-08-13,12,0
920,2022-08-14 12:00:00+00:00,27.5,0,1,2022-08-14,12,0
921,2022-08-15 12:00:00+00:00,27.4,0,1,2022-08-15,12,0
922,2022-08-16 12:00:00+00:00,25.9,0,1,2022-08-16,12,0
923,2022-08-17 12:00:00+00:00,29.2,0,1,2022-08-17,12,0
924,2022-08-18 12:00:00+00:00,21.8,0,1,2022-08-18,12,0
925,2022-08-19 12:00:00+00:00,18.6,0,1,2022-08-19,12,0
926,2022-08-20 12:00:00+00:00,21.1,0,1,2022-08-20,12,0
927,2022-08-21 12:00:00+00:00,24.3,0,1,2022-08-21,12,0
928,2022-08-22 12:00:00+00:00,25.1,0,1,2022-08-22,12,0
929,2022-08-23 12:00:00+00:00,26.3,0,1,2022-08-23,12,0
930,2022-08-24 12:00:00+00:00,25.8,0,1,2022-08-24,12,0
931,2022-08-25 12:00:00+00:00,25.9,0,1,2022-08-25,12,0
932,2022-08-26 12:00:00+00:00,27.5,0,1,2022-08-26,12,0
933,2022-08-27 12:00:00+00:00,23.7,0,1,2022-08-27,12,0
934,2022-08-28 12:00:00+00:00,23.1,0,1,2022-08-28,12,0
935,2022-08-29 12:00:00+00:00,26.5,0,1,2022-08-29,12,0
936,2022-08-30 12:00:00+00:00,27.6,0,1,2022-08-30,12,0
937,2022-08-31 12:00:00+00:00,19.6,0,1,2022-08-31,12,0
938,2022-09-01 12:00:00+00:00,19.5,0,1,2022-09-01,12,0
939,2022-09-02 12:00:00+00:00,21.7,0,1,2022-09-02,12,0
940,2022-09-03 12:00:00+00:00,19.6,0,1,2022-09-03,12,0
941,2022-09-04 12:00:00+00:00,25.1,0,1,2022-09-04,12,0
942,2022-09-05 12:00:00+00:00,23.3,0,1,2022-09-05,12,0
943,2022-09-06 12:00:00+00:00,22.9,0,0,2022-09-06,12,0
944,2022-09-07 12:00:00+00:00,28.9,0,1,2022-09-07,12,0
945,2022-09-08 12:00:00+00:00,23.0,0,1,2022-09-08,12,0
946,2022-09-09 12:00:00+00:00,21.8,0,1,2022-09-09,12,0
947,2022-09-10 12:00:00+00:00,17.7,0,1,2022-09-10,12,0
948,2022-09-11 12:00:00+00:00,21.1,0,1,2022-09-11,12,0
949,2022-09-12 12:00:00+00:00,21.5,0,1,2022-09-12,12,0
950,2022-09-13 12:00:00+00:00,25.9,0,1,2022-09-13,12,0
951,2022-09-14 12:00:00+00:00,24.7,0,1,2022-09-14,12,0
952,2022-09-15 12:00:00+00:00,18.5,0,1,2022-09-15,12,0
953,2022-09-16 12:00:00+00:00,16.9,0,1,2022-09-16,12,0
954,2022-09-17 12:00:00+00:00,13.3,0,1,2022-09-17,12,0
955,2022-09-18 12:00:00+00:00,16.2,0,1,2022-09-18,12,0
956,2022-09-19 12:00:00+00:00,15.7,0,1,2022-09-19,12,0
957,2022-09-20 12:00:00+00:00,15.4,0,1,2022-09-20,12,0
958,2022-09-21 12:00:00+00:00,15.5,0,1,2022-09-21,12,0
959,2022-09-22 12:00:00+00:00,16.7,0,1,2022-09-22,12,0
960,2022-09-23 12:00:00+00:00,19.7,0,1,2022-09-23,12,0
961,2022-09-24 12:00:00+00:00,15.2,0,1,2022-09-24,12,0
962,2022-09-25 12:00:00+00:00,14.7,0,1,2022-09-25,12,0
963,2022-09-26 12:00:00+00:00,16.1,0,1,2022-09-26,12,0
964,2022-09-27 12:00:00+00:00,12.2,0,1,2022-09-27,12,0
965,2022-09-28 12:00:00+00:00,11.5,0,1,2022-09-28,12,0
966,2022-09-29 12:00:00+00:00,12.5,0,1,2022-09-29,12,0
967,2022-09-30 12:00:00+00:00,13.4,0,1,2022-09-30,12,0
968,2022-10-01 12:00:00+00:00,12.6,0,0,2022-10-01,12,0
969,2022-10-02 12:00:00+00:00,17.9,0,1,2022-10-02,12,0
970,2022-10-03 12:00:00+00:00,15.7,0,1,2022-10-03,12,0
971,2022-10-04 12:00:00+00:00,15.2,0,1,2022-10-04,12,0
972,2022-10-05 12:00:00+00:00,19.8,0,1,2022-10-05,12,0
973,2022-10-06 12:00:00+00:00,20.8,0,1,2022-10-06,12,0
974,2022-10-07 12:00:00+00:00,17.6,0,1,2022-10-07,12,0
975,2022-10-08 12:00:00+00:00,15.9,0,1,2022-10-08,12,0
976,2022-10-09 12:00:00+00:00,13.1,0,1,2022-10-09,12,0
977,2022-10-10 12:00:00+00:00,17.1,0,1,2022-10-10,12,0
978,2022-10-11 12:00:00+00:00,19.3,0,1,2022-10-11,12,0
979,2022-10-12 12:00:00+00:00,16.3,0,1,2022-10-12,12,0
980,2022-10-13 12:00:00+00:00,16.6,0,1,2022-10-13,12,0
981,2022-10-14 12:00:00+00:00,14.9,0,1,2022-10-14,12,0
982,2022-10-15 12:00:00+00:00,19.8,0,1,2022-10-15,12,0
983,2022-10-16 12:00:00+00:00,21.2,0,1,2022-10-16,12,0
984,2022-10-17 12:00:00+00:00,19.9,0,1,2022-10-17,12,0
985,2022-10-18 12:00:00+00:00,20.9,0,1,2022-10-18,12,0
986,2022-10-19 12:00:00+00:00,16.4,0,1,2022-10-19,12,0
987,2022-10-20 12:00:00+00:00,16.9,0,1,2022-10-20,12,0
988,2022-10-21 12:00:00+00:00,15.5,0,1,2022-10-21,12,0
989,2022-10-22 12:00:00+00:00,18.3,0,1,2022-10-22,12,0
990,2022-10-23 12:00:00+00:00,17.4,0,1,2022-10-23,12,0
991,2022-10-24 12:00:00+00:00,15.0,0,1,2022-10-24,12,0
992,2022-10-25 12:00:00+00:00,17.7,0,1,2022-10-25,12,0
993,2022-10-26 12:00:00+00:00,18.6,0,1,2022-10-26,12,0
994,2022-10-27 12:00:00+00:00,21.8,0,1,2022-10-27,12,0
995,2022-10-28 12:00:00+00:00,17.6,0,1,2022-10-28,12,0
996,2022-10-29 12:00:00+00:00,21.2,0,1,2022-10-29,12,0
997,2022-10-30 12:00:00+00:00,17.3,0,1,2022-10-30,12,0
998,2022-10-31 12:00:00+00:00,14.0,0,1,2022-10-31,12,0
999,2022-11-01 12:00:00+00:00,16.8,0,1,2022-11-01,12,0
1000,2022-11-02 12:00:00+00:00,14.7,0,1,2022-11-02,12,0
1001,2022-11-03 12:00:00+00:00,11.7,0,1,2022-11-03,12,0
1002,2022-11-04 12:00:00+00:00,12.0,0,1,2022-11-04,12,0
1003,2022-11-05 12:00:00+00:00,9.2,0,1,2022-11-05,12,0
1004,2022-11-06 12:00:00+00:00,6.6,0,1,2022-11-06,12,0
1005,2022-11-07 12:00:00+00:00,16.9,0,1,2022-11-07,12,0
1006,2022-11-08 12:00:00+00:00,13.5,0,1,2022-11-08,12,0
1007,2022-11-09 12:00:00+00:00,12.5,0,1,2022-11-09,12,0
1008,2022-11-10 12:00:00+00:00,12.8,0,1,2022-11-10,12,0
1009,2022-11-11 12:00:00+00:00,12.1,0,1,2022-11-11,12,0
1010,2022-11-12 12:00:00+00:00,9.5,0,1,2022-11-12,12,0
1011,2022-11-13 12:00:00+00:00,7.0,0,1,2022-11-13,12,0
1012,2022-11-14 12:00:00+00:00,11.1,0,1,2022-11-14,12,0
1013,2022-11-15 12:00:00+00:00,11.0,0,1,2022-11-15,12,0
1014,2022-11-16 12:00:00+00:00,14.3,0,1,2022-11-16,12,0
1015,2022-11-17 12:00:00+00:00,14.4,0,1,2022-11-17,12,0
1016,2022-11-18 12:00:00+00:00,8.7,0,1,2022-11-18,12,0
1017,2022-11-19 12:00:00+00:00,10.0,0,1,2022-11-19,12,0
1018,2022-11-20 12:00:00+00:00,9.3,0,1,2022-11-20,12,0
1019,2022-11-21 12:00:00+00:00,10.1,0,1,2022-11-21,12,0
1020,2022-11-22 12:00:00+00:00,8.1,0,1,2022-11-22,12,0
1021,2022-11-23 12:00:00+00:00,9.3,0,1,2022-11-23,12,0
1022,2022-11-24 12:00:00+00:00,10.1,0,1,2022-11-24,12,0
1023,2022-11-25 12:00:00+00:00,10.1,0,1,2022-11-25,12,0
1024,2022-11-26 12:00:00+00:00,10.4,0,1,2022-11-26,12,0
1025,2022-11-27 12:00:00+00:00,6.2,0,1,2022-11-27,12,0
1026,2022-11-28 12:00:00+00:00,9.3,0,1,2022-11-28,12,0
1027,2022-11-29 12:00:00+00:00,8.3,0,1,2022-11-29,12,0
1028,2022-11-30 12:00:00+00:00,6.0,0,0,2022-11-30,12,0
1029,2022-12-01 12:00:00+00:00,3.9,0,0,2022-12-01,12,0
1030,2022-12-02 12:00:00+00:00,5.4,0,1,2022-12-02,12,0
1031,2022-12-03 12:00:00+00:00,2.5,0,0,2022-12-03,12,0
1032,2022-12-04 12:00:00+00:00,2.0,0,0,2022-12-04,12,0
1033,2022-12-05 12:00:00+00:00,6.1,0,1,2022-12-05,12,0
1034,2022-12-06 12:00:00+00:00,5.2,0,1,2022-12-06,12,0
1035,2022-12-07 12:00:00+00:00,3.9,0,0,2022-12-07,12,0
1036,2022-12-08 12:00:00+00:00,4.6,0,1,2022-12-08,12,0
1037,2022-12-09 12:00:00+00:00,1.1,0,1,2022-12-09,12,0
1038,2022-12-10 12:00:00+00:00,0.7,0,0,2022-12-10,12,0
1039,2022-12-11 12:00:00+00:00,1.4,0,1,2022-12-11,12,0
1040,2022-12-12 12:00:00+00:00,-2.0,0,1,2022-12-12,12,0
1041,2022-12-13 12:00:00+00:00,-3.5,0,1,2022-12-13,12,0
1042,2022-12-14 12:00:00+00:00,3.6,0,1,2022-12-14,12,0
1043,2022-12-15 12:00:00+00:00,3.1,0,0,2022-12-15,12,0
1044,2022-12-16 12:00:00+00:00,0.3,0,0,2022-12-16,12,0
1045,2022-12-17 12:00:00+00:00,-1.8,0,0,2022-12-17,12,0
1046,2022-12-18 12:00:00+00:00,0.4,0,1,2022-12-18,12,0
1047,2022-12-19 12:00:00+00:00,4.1,0,1,2022-12-19,12,0
1048,2022-12-20 12:00:00+00:00,6.6,0,1,2022-12-20,12,0
1049,2022-12-21 12:00:00+00:00,10.0,0,1,2022-12-21,12,0
1050,2022-12-22 12:00:00+00:00,13.0,0,1,2022-12-22,12,0
1051,2022-12-23 12:00:00+00:00,9.1,0,1,2022-12-23,12,0
1052,2022-12-24 12:00:00+00:00,8.0,0,1,2022-12-24,12,0
1053,2022-12-25 12:00:00+00:00,7.9,0,1,2022-12-25,12,0
1054,2022-12-26 12:00:00+00:00,10.3,0,0,2022-12-26,12,0
1055,2022-12-27 12:00:00+00:00,7.0,0,1,2022-12-27,12,0
1056,2022-12-28 12:00:00+00:00,8.7,0,1,2022-12-28,12,0
1057,2022-12-29 12:00:00+00:00,11.5,0,1,2022-12-29,12,0
1058,2022-12-30 12:00:00+00:00,8.1,0,1,2022-12-30,12,0
1059,2022-12-31 12:00:00+00:00,12.5,0,1,2022-12-31,12,0
1060,2023-01-01 12:00:00+00:00,13.4,0,1,2023-01-01,12,0
1061,2023-01-02 12:00:00+00:00,10.2,0,1,2023-01-02,12,0
1062,2023-01-03 12:00:00+00:00,8.4,0,1,2023-01-03,12,0
1063,2023-01-04 12:00:00+00:00,9.2,0,1,2023-01-04,12,0
1064,2023-01-05 12:00:00+00:00,12.8,0,1,2023-01-05,12,0
1065,2023-01-06 12:00:00+00:00,8.4,0,1,2023-01-06,12,0
1066,2023-01-07 12:00:00+00:00,7.9,0,1,2023-01-07,12,0
1067,2023-01-08 12:00:00+00:00,7.0,0,1,2023-01-08,12,0
1068,2023-01-09 12:00:00+00:00,7.3,0,1,2023-01-09,12,0
1069,2023-01-10 12:00:00+00:00,7.4,0,1,2023-01-10,12,0
1070,2023-01-11 12:00:00+00:00,7.2,0,0,2023-01-11,12,0
1071,2023-01-12 12:00:00+00:00,8.9,0,1,2023-01-12,12,0
1072,2023-01-13 12:00:00+00:00,9.1,0,1,2023-01-13,12,0
1073,2023-01-14 12:00:00+00:00,7.5,0,1,2023-01-14,12,0
1074,2023-01-15 12:00:00+00:00,4.0,0,0,2023-01-15,12,0
1075,2023-01-16 12:00:00+00:00,3.0,0,1,2023-01-16,12,0
1076,2023-01-17 12:00:00+00:00,3.0,0,1,2023-01-17,12,0
1077,2023-01-18 12:00:00+00:00,2.2,0,1,2023-01-18,12,0
1078,2023-01-19 12:00:00+00:00,2.7,0,1,2023-01-19,12,0
1079,2023-01-20 12:00:00+00:00,2.4,0,1,2023-01-20,12,0
1080,2023-01-21 12:00:00+00:00,-1.1,0,1,2023-01-21,12,0
1081,2023-01-22 12:00:00+00:00,0.5,0,1,2023-01-22,12,0
1082,2023-01-23 12:00:00+00:00,-0.1,0,0,2023-01-23,12,0
1083,2023-01-24 12:00:00+00:00,1.3,0,1,2023-01-24,12,0
1084,2023-01-25 12:00:00+00:00,1.6,0,0,2023-01-25,12,0
1085,2023-01-26 12:00:00+00:00,0.4,0,0,2023-01-26,12,0
1086,2023-01-27 12:00:00+00:00,0.4,0,0,2023-01-27,12,0
1087,2023-01-28 12:00:00+00:00,0.9,0,1,2023-01-28,12,0
1088,2023-01-29 12:00:00+00:00,1.0,0,1,2023-01-29,12,0
1089,2023-01-30 12:00:00+00:00,3.3,0,1,2023-01-30,12,0
1090,2023-01-31 12:00:00+00:00,5.5,0,1,2023-01-31,12,0
1091,2023-02-01 12:00:00+00:00,7.3,0,1,2023-02-01,12,0
1092,2023-02-02 12:00:00+00:00,7.2,0,1,2023-02-02,12,0
1093,2023-02-03 12:00:00+00:00,8.6,0,1,2023-02-03,12,0
1094,2023-02-04 12:00:00+00:00,6.2,0,0,2023-02-04,12,0
1095,2023-02-05 12:00:00+00:00,4.6,0,1,2023-02-05,12,0
1096,2023-02-06 12:00:00+00:00,3.3,0,1,2023-02-06,12,0
1097,2023-02-07 12:00:00+00:00,1.7,0,1,2023-02-07,12,0
1098,2023-02-08 12:00:00+00:00,-1.1,0,1,2023-02-08,12,0
1099,2023-02-09 12:00:00+00:00,3.5,0,1,2023-02-09,12,0
1100,2023-02-10 12:00:00+00:00,5.4,0,1,2023-02-10,12,0
1101,2023-02-11 12:00:00+00:00,4.6,0,1,2023-02-11,12,0
1102,2023-02-12 12:00:00+00:00,7.5,0,1,2023-02-12,12,0
1103,2023-02-13 12:00:00+00:00,3.2,0,1,2023-02-13,12,0
1104,2023-02-14 12:00:00+00:00,4.2,0,1,2023-02-14,12,0
1105,2023-02-15 12:00:00+00:00,1.9,0,1,2023-02-15,12,0
1106,2023-02-16 12:00:00+00:00,7.4,0,1,2023-02-16,12,0
1107,2023-02-17 12:00:00+00:00,12.6,0,1,2023-02-17,12,0
1108,2023-02-18 12:00:00+00:00,14.4,0,1,2023-02-18,12,0
1109,2023-02-19 12:00:00+00:00,10.5,0,1,2023-02-19,12,0
1110,2023-02-20 12:00:00+00:00,11.3,0,1,2023-02-20,12,0
1111,2023-02-21 12:00:00+00:00,9.0,0,1,2023-02-21,12,0
1112,2023-02-22 12:00:00+00:00,10.5,0,1,2023-02-22,12,0
1113,2023-02-23 12:00:00+00:00,10.5,0,1,2023-02-23,12,0
1114,2023-02-24 12:00:00+00:00,12.4,0,1,2023-02-24,12,0
1115,2023-02-25 12:00:00+00:00,5.1,0,1,2023-02-25,12,0
1116,2023-02-26 12:00:00+00:00,-0.1,0,1,2023-02-26,12,0
1117,2023-02-27 12:00:00+00:00,1.0,0,1,2023-02-27,12,0
1118,2023-02-28 12:00:00+00:00,0.0,0,1,2023-02-28,12,0
1119,2023-03-01 12:00:00+00:00,1.6,0,1,2023-03-01,12,0
1120,2023-03-02 12:00:00+00:00,3.6,0,1,2023-03-02,12,0
1121,2023-03-03 12:00:00+00:00,5.3,0,1,2023-03-03,12,0
1122,2023-03-04 12:00:00+00:00,7.3,0,1,2023-03-04,12,0
1123,2023-03-05 12:00:00+00:00,5.0,0,1,2023-03-05,12,0
1124,2023-03-06 12:00:00+00:00,5.3,0,1,2023-03-06,12,0
1125,2023-03-07 12:00:00+00:00,7.9,0,1,2023-03-07,12,0
1126,2023-03-08 12:00:00+00:00,9.4,0,1,2023-03-08,12,0
1127,2023-03-09 12:00:00+00:00,14.7,0,1,2023-03-09,12,0
1128,2023-03-10 12:00:00+00:00,9.7,0,1,2023-03-10,12,0
1129,2023-03-11 12:00:00+00:00,3.2,0,1,2023-03-11,12,0
1130,2023-03-12 12:00:00+00:00,10.4,0,1,2023-03-12,12,0
1131,2023-03-13 12:00:00+00:00,12.3,0,1,2023-03-13,12,0
1132,2023-03-14 12:00:00+00:00,8.2,0,1,2023-03-14,12,0
1133,2023-03-15 12:00:00+00:00,9.0,0,1,2023-03-15,12,0
1134,2023-03-16 12:00:00+00:00,8.1,0,1,2023-03-16,12,0
1135,2023-03-17 12:00:00+00:00,11.4,0,1,2023-03-17,12,0
1136,2023-03-18 12:00:00+00:00,17.3,0,1,2023-03-18,12,0
1137,2023-03-19 12:00:00+00:00,13.2,0,1,2023-03-19,12,0
1138,2023-03-20 12:00:00+00:00,11.7,0,1,2023-03-20,12,0
1139,2023-03-21 12:00:00+00:00,11.8,0,1,2023-03-21,12,0
1140,2023-03-22 12:00:00+00:00,13.4,0,1,2023-03-22,12,0
1141,2023-03-23 12:00:00+00:00,17.4,0,1,2023-03-23,12,0
1142,2023-03-24 12:00:00+00:00,12.7,0,1,2023-03-24,12,0
1143,2023-03-25 12:00:00+00:00,10.9,0,1,2023-03-25,12,0
1144,2023-03-26 12:00:00+00:00,11.7,0,1,2023-03-26,12,0
1145,2023-03-27 12:00:00+00:00,6.8,0,1,2023-03-27,12,0
1146,2023-03-28 12:00:00+00:00,7.1,0,1,2023-03-28,12,0
1147,2023-03-29 12:00:00+00:00,11.2,0,1,2023-03-29,12,0
1148,2023-03-30 12:00:00+00:00,13.6,0,1,2023-03-30,12,0
1149,2023-03-31 12:00:00+00:00,14.5,0,1,2023-03-31,12,0
1150,2023-04-01 12:00:00+00:00,10.5,0,1,2023-04-01,12,0
1151,2023-04-02 12:00:00+00:00,12.4,0,1,2023-04-02,12,0
1152,2023-04-03 12:00:00+00:00,5.4,0,1,2023-04-03,12,0
1153,2023-04-04 12:00:00+00:00,5.4,0,1,2023-04-04,12,0
1154,2023-04-05 12:00:00+00:00,7.7,0,1,2023-04-05,12,0
1155,2023-04-06 12:00:00+00:00,12.2,0,1,2023-04-06,12,0
1156,2023-04-07 12:00:00+00:00,6.5,0,1,2023-04-07,12,0
1157,2023-04-08 12:00:00+00:00,8.6,0,1,2023-04-08,12,0
1158,2023-04-09 12:00:00+00:00,10.9,0,1,2023-04-09,12,0
1159,2023-04-10 12:00:00+00:00,12.9,0,1,2023-04-10,12,0
1160,2023-04-11 12:00:00+00:00,10.5,0,1,2023-04-11,12,0
1161,2023-04-12 12:00:00+00:00,14.3,0,1,2023-04-12,12,0
1162,2023-04-13 12:00:00+00:00,10.3,0,1,2023-04-13,12,0
1163,2023-04-14 12:00:00+00:00,9.6,0,1,2023-04-14,12,0
1164,2023-04-15 12:00:00+00:00,9.6,0,1,2023-04-15,12,0
1165,2023-04-16 12:00:00+00:00,8.6,0,1,2023-04-16,12,0
1166,2023-04-17 12:00:00+00:00,11.8,0,1,2023-04-17,12,0
1167,2023-04-18 12:00:00+00:00,12.9,0,1,2023-04-18,12,0
1168,2023-04-19 12:00:00+00:00,11.5,0,1,2023-04-19,12,0
1169,2023-04-20 12:00:00+00:00,6.3,0,0,2023-04-20,12,0
1170,2023-04-21 12:00:00+00:00,13.2,0,1,2023-04-21,12,0
1171,2023-04-22 12:00:00+00:00,17.5,0,1,2023-04-22,12,0
1172,2023-04-23 12:00:00+00:00,18.5,0,1,2023-04-23,12,0
1173,2023-04-24 12:00:00+00:00,12.4,0,1,2023-04-24,12,0
1174,2023-04-25 12:00:00+00:00,11.3,0,1,2023-04-25,12,0
1175,2023-04-26 12:00:00+00:00,12.2,0,1,2023-04-26,12,0
1176,2023-04-27 12:00:00+00:00,16.5,0,1,2023-04-27,12,0
1177,2023-04-28 12:00:00+00:00,12.9,0,1,2023-04-28,12,0
1178,2023-04-29 12:00:00+00:00,17.9,0,1,2023-04-29,12,0
1179,2023-04-30 12:00:00+00:00,15.7,0,1,2023-04-30,12,0
1180,2023-05-01 12:00:00+00:00,13.2,0,1,2023-05-01,12,0
1181,2023-05-02 12:00:00+00:00,13.7,0,1,2023-05-02,12,0
1182,2023-05-03 12:00:00+00:00,16.4,0,1,2023-05-03,12,0
1183,2023-05-04 12:00:00+00:00,17.9,0,1,2023-05-04,12,0
1184,2023-05-05 12:00:00+00:00,23.6,0,1,2023-05-05,12,0
1185,2023-05-06 12:00:00+00:00,19.0,0,1,2023-05-06,12,0
1186,2023-05-07 12:00:00+00:00,20.3,0,1,2023-05-07,12,0
1187,2023-05-08 12:00:00+00:00,17.8,0,1,2023-05-08,12,0
1188,2023-05-09 12:00:00+00:00,20.4,0,1,2023-05-09,12,0
1189,2023-05-10 12:00:00+00:00,13.0,0,1,2023-05-10,12,0
1190,2023-05-11 12:00:00+00:00,10.6,1,1,2023-05-11,12,0
1191,2023-05-12 12:00:00+00:00,15.5,0,1,2023-05-12,12,0
1192,2023-05-13 12:00:00+00:00,13.9,0,1,2023-05-13,12,0
1193,2023-05-14 12:00:00+00:00,14.3,1,1,2023-05-14,12,0
1194,2023-05-15 12:00:00+00:00,13.2,0,1,2023-05-15,12,0
1195,2023-05-16 12:00:00+00:00,11.2,1,0,2023-05-16,12,0
1196,2023-05-17 12:00:00+00:00,12.2,0,1,2023-05-17,12,0
1197,2023-05-18 12:00:00+00:00,12.8,0,1,2023-05-18,12,0
1198,2023-05-19 12:00:00+00:00,13.3,0,1,2023-05-19,12,0
1199,2023-05-20 12:00:00+00:00,16.3,0,1,2023-05-20,12,0
1200,2023-05-21 12:00:00+00:00,23.2,0,1,2023-05-21,12,0
1201,2023-05-22 12:00:00+00:00,23.4,0,1,2023-05-22,12,0
1202,2023-05-23 12:00:00+00:00,18.9,0,1,2023-05-23,12,0
1203,2023-05-24 12:00:00+00:00,13.3,0,1,2023-05-24,12,0
1204,2023-05-25 12:00:00+00:00,16.7,0,1,2023-05-25,12,0
1205,2023-05-26 12:00:00+00:00,22.4,0,1,2023-05-26,12,0
1206,2023-05-27 12:00:00+00:00,22.1,0,1,2023-05-27,12,0
1207,2023-05-28 12:00:00+00:00,22.5,0,1,2023-05-28,12,0
1208,2023-05-29 12:00:00+00:00,23.2,0,1,2023-05-29,12,0
1209,2023-05-30 12:00:00+00:00,22.0,0,1,2023-05-30,12,0
1210,2023-05-31 12:00:00+00:00,22.5,0,1,2023-05-31,12,0
1211,2023-06-01 12:00:00+00:00,24.3,0,1,2023-06-01,12,0
1212,2023-06-02 12:00:00+00:00,25.0,0,1,2023-06-02,12,0
1213,2023-06-03 12:00:00+00:00,23.3,0,1,2023-06-03,12,0
1214,2023-06-04 12:00:00+00:00,23.3,0,1,2023-06-04,12,0
1215,2023-06-05 12:00:00+00:00,23.5,0,1,2023-06-05,12,0
1216,2023-06-06 12:00:00+00:00,22.8,0,1,2023-06-06,12,0
1217,2023-06-07 12:00:00+00:00,24.5,0,1,2023-06-07,12,0
1218,2023-06-08 12:00:00+00:00,26.0,0,1,2023-06-08,12,0
1219,2023-06-09 12:00:00+00:00,25.1,0,1,2023-06-09,12,0
1220,2023-06-10 12:00:00+00:00,25.3,0,1,2023-06-10,12,0
1221,2023-06-11 12:00:00+00:00,24.6,0,1,2023-06-11,12,0
1222,2023-06-12 12:00:00+00:00,24.8,0,1,2023-06-12,12,0
1223,2023-06-13 12:00:00+00:00,23.0,0,1,2023-06-13,12,0
1224,2023-06-14 12:00:00+00:00,23.9,0,1,2023-06-14,12,0
1225,2023-06-15 12:00:00+00:00,24.5,0,1,2023-06-15,12,0
1226,2023-06-16 12:00:00+00:00,25.8,0,1,2023-06-16,12,0
1227,2023-06-17 12:00:00+00:00,26.2,0,1,2023-06-17,12,0
1228,2023-06-18 12:00:00+00:00,28.2,0,1,2023-06-18,12,0
1229,2023-06-19 12:00:00+00:00,29.1,0,1,2023-06-19,12,0
1230,2023-06-20 12:00:00+00:00,28.9,0,1,2023-06-20,12,0
1231,2023-06-21 12:00:00+00:00,25.8,0,1,2023-06-21,12,0
1232,2023-06-22 12:00:00+02:00,25.9,0,1,2023-06-22,12,0
1233,2023-06-23 12:00:00+00:00,23.7,0,1,2023-06-23,12,0
1234,2023-06-24 12:00:00+02:00,22.4,0,1,2023-06-24,12,0
1235,2023-06-25 12:00:00+02:00,25.8,0,1,2023-06-25,12,0
1236,2023-06-26 12:00:00+02:00,29,0,1,2023-06-26,12,0
1237,2023-06-27 12:00:00+02:00,23.1,0,1,2023-06-27,12,0
